噬菌体ID,预测置信度,匹配宿主ID,相似度,宿主置信度
NC_021190,1.0,GCA_001904725,4,0.9999865293502808
NC_021190,1.0,GCA_001908375,4,0.9998775720596313
NC_021190,1.0,GCA_001605745,3,0.9992260932922363
NC_027118,1.0,GCA_001180325,4,1.0
NC_027118,1.0,GCA_001886915,3,0.9728925228118896
NC_027118,1.0,GCA_001582025,3,0.9486203193664551
NC_027119,1.0,GCA_001591525,3,0.9999890327453613
NC_027119,1.0,GCA_000194845,3,0.9998563528060913
NC_027119,1.0,GCA_001180325,3,1.0
NC_027120,1.0,GCA_001605745,3,0.9992260932922363
NC_027120,1.0,GCA_000208765,3,0.9942042231559753
NC_027120,1.0,GCA_000203995,3,0.9998563528060913
NC_027125,1.0,GCA_000252875,3,0.9050883650779724
NC_027125,1.0,GCA_001753225,3,0.999859094619751
NC_027125,1.0,GCA_001457595,3,0.9486204385757446
NC_027204,1.0,GCA_002092565,3,0.9728925228118896
NC_027204,1.0,GCA_002076875,3,0.9228240251541138
NC_027204,1.0,GCA_002063615,3,0.9050880670547485
NC_027292,1.0,GCA_002911955,3,0.9999890327453613
NC_027292,1.0,GCA_002993285,3,0.9988412261009216
NC_027292,1.0,GCA_002025525,3,0.9989734888076782
NC_027293,1.0,GCA_002911955,3,0.9999890327453613
NC_027293,1.0,GCA_002993285,3,0.9988412261009216
NC_027293,1.0,GCA_000735125,2,0.9989965558052063
NC_027294,1.0,GCA_002147835,3,0.9999890327453613
NC_027294,1.0,GCA_002147055,3,0.9999890327453613
NC_027294,1.0,GCA_002911955,3,0.9999890327453613
NC_027295,1.0,GCA_002259955,3,0.9997116923332214
NC_027295,1.0,GCA_002911955,3,0.9999890327453613
NC_027295,1.0,GCA_002993285,3,0.9988412261009216
NC_027296,1.0,GCA_002063615,3,0.9050880670547485
NC_027296,1.0,GCA_002265965,3,0.9050880670547485
NC_027296,1.0,GCA_000967115,3,0.9999291896820068
NC_027297,1.0,GCA_002877935,3,0.9995455145835876
NC_027297,1.0,GCA_002076875,3,0.9228240251541138
NC_027297,1.0,GCA_002911955,3,0.9999890327453613
NC_027299,1.0,GCA_002993285,4,0.9988412261009216
NC_027299,1.0,GCA_002092565,3,0.9728925228118896
NC_027299,1.0,GCA_002911955,3,0.9999890327453613
NC_027329,1.0,GCA_001298895,3,0.9991356730461121
NC_027329,1.0,GCA_001299235,3,0.9991356730461121
NC_027329,1.0,GCA_001298795,3,0.9991356730461121
NC_027330,1.0,GCA_000308175,3,0.9989734888076782
NC_027330,1.0,GCA_000303495,3,0.9992260932922363
NC_027330,1.0,GCA_000304415,3,0.9861565828323364
NC_027331,1.0,GCA_000316425,3,0.9992260932922363
NC_027331,1.0,GCA_000319615,3,0.9973093271255493
NC_027331,1.0,GCA_000316245,3,0.9995689988136292
NC_027332,1.0,GCA_000326305,3,0.9992260932922363
NC_027332,1.0,GCA_000326625,3,0.9992260932922363
NC_027332,1.0,GCA_000321665,3,0.6508982181549072
NC_027333,1.0,GCA_000330065,3,0.9050880670547485
NC_027333,1.0,GCA_000334875,3,0.9999890327453613
NC_027333,1.0,GCA_000331165,3,0.9486204385757446
NC_027335,1.0,GCA_000358395,3,0.9992260932922363
NC_027335,1.0,GCA_000357785,3,0.9992260932922363
NC_027335,1.0,GCA_000351145,3,0.9992260932922363
NC_027336,1.0,GCA_000367605,3,0.99017733335495
NC_027336,1.0,GCA_000363625,3,0.9999749660491943
NC_027336,1.0,GCA_000367625,3,0.99017733335495
NC_027337,1.0,GCA_000375585,3,0.9861565828323364
NC_027337,1.0,GCA_000374385,3,0.9997116923332214
NC_027337,1.0,GCA_000358395,2,0.9992260932922363
NC_027339,1.0,GCA_000394875,3,0.6508982181549072
NC_027339,1.0,GCA_000391125,3,0.6508982181549072
NC_027339,1.0,GCA_000390525,3,0.6508978009223938
NC_027340,1.0,GCA_000409065,3,0.9995689988136292
NC_027340,1.0,GCA_000401995,3,0.999171257019043
NC_027340,1.0,GCA_000409855,3,0.9929611086845398
NC_027341,1.0,GCA_000416925,3,0.9989734888076782
NC_027341,1.0,GCA_000417445,3,0.9995689988136292
NC_027341,1.0,GCA_000410115,3,0.9929611086845398
NC_027342,1.0,GCA_000427275,3,0.9999865293502808
NC_027342,1.0,GCA_000423025,3,0.9988412261009216
NC_027342,1.0,GCA_001427665,3,0.9999451637268066
NC_027345,1.0,GCA_000459995,3,0.9992260932922363
NC_027345,1.0,GCA_001457595,3,0.9486204385757446
NC_027345,1.0,GCA_000459595,3,0.9992260932922363
NC_027346,1.0,GCA_000461495,3,0.9992260932922363
NC_027346,1.0,GCA_000461595,3,0.9992260932922363
NC_027346,1.0,GCA_000461615,3,0.9992260932922363
NC_027348,1.0,GCA_000488875,3,0.9998563528060913
NC_027348,1.0,GCA_000480785,3,0.9989734888076782
NC_027348,1.0,GCA_000480335,3,0.9999890327453613
NC_027350,1.0,GCA_000507605,3,0.9992260932922363
NC_027350,1.0,GCA_000503535,3,0.9992260932922363
NC_027350,1.0,GCA_000505425,3,0.9050883650779724
NC_027352,1.0,GCA_000528235,3,0.9999749660491943
NC_027352,1.0,GCA_000521845,3,0.9486204385757446
NC_027352,1.0,GCA_000520455,3,0.9989734888076782
NC_027354,1.0,GCA_000543585,3,0.9999749660491943
NC_027354,1.0,GCA_000240075,2,0.9999934434890747
NC_027354,1.0,GCA_000582615,2,0.9942042231559753
NC_027355,1.0,GCA_000558265,3,0.9999749660491943
NC_027355,1.0,GCA_000358395,2,0.9992260932922363
NC_027355,1.0,GCA_000252875,2,0.9050883650779724
NC_027356,1.0,GCA_000565605,3,0.9379352927207947
NC_027356,1.0,GCA_000564835,3,0.9992260932922363
NC_027356,1.0,GCA_000566485,3,0.9379351735115051
NC_027357,1.0,GCF_000570355,3,0.9999749660491943
NC_027357,1.0,GCA_001578205,3,0.9999890327453613
NC_027357,1.0,GCF_000579375,3,0.9999749660491943
NC_027358,1.0,GCA_000582615,3,0.9942042231559753
NC_027358,1.0,GCA_001582025,3,0.9486203193664551
NC_027358,1.0,GCA_000583975,3,0.9989734888076782
NC_027359,1.0,GCA_001591525,3,0.9999890327453613
NC_027359,1.0,GCA_001598735,3,0.999171257019043
NC_027359,1.0,GCA_001598895,3,0.9998311996459961
NC_027360,1.0,GCA_001605745,3,0.9992260932922363
NC_027360,1.0,GCA_000607065,3,0.9999749660491943
NC_027360,1.0,GCA_000606305,3,0.9999749660491943
NC_027361,1.0,GCF_000615605,3,0.9992260932922363
NC_027361,1.0,GCA_000610525,3,0.9999749660491943
NC_027361,1.0,GCA_000611735,3,0.93276047706604
NC_027362,1.0,GCA_000629185,3,0.9989734888076782
NC_027362,1.0,GCA_000629305,3,0.9989734888076782
NC_027362,1.0,GCA_000629405,3,0.9989734888076782
NC_027363,1.0,GCA_000633025,3,0.9995689988136292
NC_027363,1.0,GCA_000735125,2,0.9989965558052063
NC_027363,1.0,GCA_000698655,2,0.9050883650779724
NC_027364,1.0,GCA_000648115,3,0.6508982181549072
NC_027364,1.0,GCA_000647615,3,0.9989734888076782
NC_027364,1.0,GCA_000640795,3,0.9999749660491943
NC_027365,1.0,GCA_000358395,2,0.9992260932922363
NC_027365,1.0,GCA_000252875,2,0.9050883650779724
NC_027365,1.0,GCA_000698655,2,0.9050883650779724
NC_027366,1.0,GCA_001665905,3,0.9988412261009216
NC_027366,1.0,GCA_000698655,2,0.9050883650779724
NC_027366,1.0,GCA_001605745,2,0.9992260932922363
NC_027367,1.0,GCA_900478215,2,0.9050883650779724
NC_027367,1.0,GCA_000698655,2,0.9050883650779724
NC_027367,1.0,GCA_001605745,2,0.9992260932922363
NC_027369,1.0,GCA_000698655,3,0.9050883650779724
NC_027369,1.0,GCF_000699385,3,0.9992260932922363
NC_027369,1.0,GCA_001698225,3,0.9988412261009216
NC_027370,1.0,GCA_000709495,3,0.9998563528060913
NC_027370,1.0,GCF_000704105,3,0.9992260932922363
NC_027370,1.0,GCF_000700445,3,0.9992260932922363
NC_027371,1.0,GCA_000710145,3,0.999859094619751
NC_027371,1.0,GCF_000714065,3,0.9992260932922363
NC_027371,1.0,GCA_000710255,3,0.9999890327453613
NC_027372,1.0,GCA_000720395,3,0.9999690055847168
NC_027372,1.0,GCA_000720255,3,0.9999690055847168
NC_027372,1.0,GCA_000735125,2,0.9989965558052063
NC_027373,1.0,GCA_000735125,3,0.9989965558052063
NC_027373,1.0,GCA_000735055,3,0.9998563528060913
NC_027373,1.0,GCA_001753225,2,0.999859094619751
NC_027374,1.0,GCA_000749965,3,0.9893352389335632
NC_027374,1.0,GCA_000748405,3,0.9050880670547485
NC_027374,1.0,GCA_000748205,3,0.9050880670547485
NC_027375,1.0,GCA_001753225,3,0.999859094619751
NC_027375,1.0,GCA_000754405,3,0.9999934434890747
NC_027375,1.0,GCA_000754365,3,0.9999934434890747
NC_027377,1.0,GCA_900478215,2,0.9050883650779724
NC_027377,1.0,GCA_000735125,2,0.9989965558052063
NC_027377,1.0,GCA_001753225,2,0.999859094619751
NC_027378,1.0,GCA_000387605,2,0.6520466804504395
NC_027378,1.0,GCA_000287475,2,0.9861565828323364
NC_027378,1.0,GCA_000582615,2,0.9942042231559753
NC_027379,1.0,GCA_000735125,2,0.9989965558052063
NC_027379,1.0,GCA_000698655,2,0.9050883650779724
NC_027379,1.0,GCA_001753225,2,0.999859094619751
NC_027381,1.0,GCA_000816125,3,0.9998775720596313
NC_027381,1.0,GCA_000819525,3,0.9999865293502808
NC_027381,1.0,GCA_000815925,3,0.9379350543022156
NC_027382,1.0,GCA_000827775,3,0.9995689988136292
NC_027382,1.0,GCA_000816125,2,0.9998775720596313
NC_027382,1.0,GCA_000021305,2,0.9999890327453613
NC_027383,1.0,GCA_000816125,2,0.9998775720596313
NC_027383,1.0,GCA_000735125,2,0.9989965558052063
NC_027383,1.0,GCA_000330065,2,0.9050880670547485
NC_027384,1.0,GCA_000240075,2,0.9999934434890747
NC_027384,1.0,GCA_000144855,2,0.9998563528060913
NC_027384,1.0,GCA_000816125,2,0.9998775720596313
NC_027385,1.0,GCA_000358395,2,0.9992260932922363
NC_027385,1.0,GCA_000252875,2,0.9050883650779724
NC_027385,1.0,GCA_000816125,2,0.9998775720596313
NC_027386,1.0,GCA_000816125,2,0.9998775720596313
NC_027386,1.0,GCA_900169695,2,0.9942042231559753
NC_027386,1.0,GCA_000461495,2,0.9992260932922363
NC_027387,1.0,GCA_002877935,3,0.9995455145835876
NC_027387,1.0,GCA_000878525,3,0.9999890327453613
NC_027387,1.0,GCA_000877495,3,0.6520458459854126
NC_027388,1.0,GCA_001886915,3,0.9728925228118896
NC_027388,1.0,GCA_000387605,2,0.6520466804504395
NC_027388,1.0,GCA_000287475,2,0.9861565828323364
NC_027389,1.0,GCA_000816125,2,0.9998775720596313
NC_027389,1.0,GCA_000698655,2,0.9050883650779724
NC_027389,1.0,GCA_002092565,2,0.9728925228118896
NC_027390,1.0,GCA_001904725,3,0.9999865293502808
NC_027390,1.0,GCA_003209555,3,0.9999998807907104
NC_027390,1.0,GCA_001908375,3,0.9998775720596313
NC_027391,1.0,GCA_002911955,3,0.9999890327453613
NC_027391,1.0,GCA_003210555,3,0.9999998807907104
NC_027391,1.0,GCA_003118595,3,0.9050880670547485
NC_027393,1.0,GCA_000735125,2,0.9989965558052063
NC_027393,1.0,GCA_000330065,2,0.9050880670547485
NC_027393,1.0,GCA_000231215,2,0.9998563528060913
NC_027394,1.0,GCA_000240075,2,0.9999934434890747
NC_027394,1.0,GCA_000144855,2,0.9998563528060913
NC_027394,1.0,GCA_000648115,2,0.6508982181549072
NC_027395,1.0,GCA_000358395,2,0.9992260932922363
NC_027395,1.0,GCA_000252875,2,0.9050883650779724
NC_027395,1.0,GCA_001753225,2,0.999859094619751
NC_027396,1.0,GCA_000967115,3,0.9999291896820068
NC_027396,1.0,GCA_001969875,3,0.9999749660491943
NC_027396,1.0,GCA_000962015,3,0.9050883054733276
NC_027397,1.0,GCA_000972195,3,0.9989734888076782
NC_027397,1.0,GCA_000973605,3,0.9999890327453613
NC_027397,1.0,GCA_900478215,2,0.9050883650779724
NC_027398,1.0,GCA_000986655,3,0.9999890327453613
NC_027398,1.0,GCA_000987095,3,0.9999291896820068
NC_027398,1.0,GCA_000387605,2,0.6520466804504395
NC_027399,1.0,GCA_002993285,3,0.9988412261009216
NC_027399,1.0,GCA_000698655,2,0.9050883650779724
NC_027399,1.0,GCA_002092565,2,0.9728925228118896
NC_027400,1.0,GCA_000009565,3,0.9992260932922363
NC_027400,1.0,GCA_000009125,3,0.7076537013053894
NC_027400,1.0,GCA_000007625,3,0.9999291896820068
NC_027401,1.0,GCA_000015005,3,0.9486204385757446
NC_027401,1.0,GCA_000017665,3,0.9973092079162598
NC_027401,1.0,GCA_000011625,3,0.9999890327453613
NC_027620,1.0,GCA_000208765,3,0.9942042231559753
NC_027620,1.0,GCA_000203995,3,0.9998563528060913
NC_027620,1.0,GCA_000204925,3,0.9711077213287354
NC_027621,1.0,GCA_000217615,3,0.9998563528060913
NC_027621,1.0,GCA_000219535,3,0.9997116923332214
NC_027621,1.0,GCA_000219965,3,0.9995689988136292
NC_027622,1.0,GCA_000221125,3,0.9998563528060913
NC_027622,1.0,GCA_000225665,3,0.9998041987419128
NC_027622,1.0,GCA_000225265,3,0.9999890327453613
NC_027623,1.0,GCA_000231215,3,0.9998563528060913
NC_027623,1.0,GCA_000237765,3,0.6520466804504395
NC_027623,1.0,GCA_000237005,3,0.9997116923332214
NC_027624,1.0,GCA_000240075,3,0.9999934434890747
NC_027624,1.0,GCA_000248035,3,0.9988412261009216
NC_027624,1.0,GCA_000247435,3,0.9989734888076782
NC_027625,1.0,GCA_000252875,3,0.9050883650779724
NC_027625,1.0,GCA_000253235,3,0.9999690055847168
NC_027625,1.0,GCA_002259955,3,0.9997116923332214
NC_027626,1.0,GCA_000268005,3,0.9379351735115051
NC_027626,1.0,GCA_002265965,3,0.9050880670547485
NC_027626,1.0,GCA_000263915,3,0.9992260932922363
NC_027627,1.0,GCA_000277565,3,0.9942042231559753
NC_027627,1.0,GCA_001270675,3,0.9999690055847168
NC_027627,1.0,GCA_000270085,3,0.9995784163475037
NC_027628,1.0,GCA_000287475,3,0.9861565828323364
NC_027628,1.0,GCA_000287815,3,0.9989734888076782
NC_027628,1.0,GCA_000281555,3,0.9995689988136292
NC_027629,1.0,GCA_001298895,3,0.9991356730461121
NC_027629,1.0,GCA_001299235,3,0.9991356730461121
NC_027629,1.0,GCA_001298795,3,0.9991356730461121
NC_027630,1.0,GCA_000308175,3,0.9989734888076782
NC_027630,1.0,GCA_000303495,3,0.9992260932922363
NC_027630,1.0,GCA_000304415,3,0.9861565828323364
NC_027979,1.0,GCA_000735125,2,0.9989965558052063
NC_027979,1.0,GCA_000698655,2,0.9050883650779724
NC_027979,1.0,GCA_001753225,2,0.999859094619751
NC_027982,1.0,GCA_000827775,3,0.9995689988136292
NC_027982,1.0,GCA_000816125,2,0.9998775720596313
NC_027982,1.0,GCA_000021305,2,0.9999890327453613
NC_027983,1.0,GCA_000816125,2,0.9998775720596313
NC_027983,1.0,GCA_000735125,2,0.9989965558052063
NC_027983,1.0,GCA_000330065,2,0.9050880670547485
NC_027984,1.0,GCA_000240075,2,0.9999934434890747
NC_027984,1.0,GCA_000144855,2,0.9998563528060913
NC_027984,1.0,GCA_000816125,2,0.9998775720596313
NC_027987,1.0,GCA_002877935,3,0.9995455145835876
NC_027987,1.0,GCA_000878525,3,0.9999890327453613
NC_027987,1.0,GCA_000877495,3,0.6520458459854126
NC_027991,1.0,GCA_002911955,3,0.9999890327453613
NC_027991,1.0,GCA_000816125,2,0.9998775720596313
NC_027991,1.0,GCA_900113495,2,0.9996596574783325
NC_027993,1.0,GCA_000735125,2,0.9989965558052063
NC_027993,1.0,GCA_000330065,2,0.9050880670547485
NC_027993,1.0,GCA_000231215,2,0.9998563528060913
NC_027994,1.0,GCA_000240075,2,0.9999934434890747
NC_027994,1.0,GCA_000144855,2,0.9998563528060913
NC_027994,1.0,GCA_000648115,2,0.6508982181549072
NC_027995,1.0,GCA_000358395,2,0.9992260932922363
NC_027995,1.0,GCA_000252875,2,0.9050883650779724
NC_027995,1.0,GCA_001753225,2,0.999859094619751
NC_028247,1.0,GCA_900478215,3,0.9050883650779724
NC_028247,1.0,GCA_002877935,3,0.9995455145835876
NC_028247,1.0,GCA_002076875,3,0.9228240251541138
NC_028248,1.0,GCA_000488875,3,0.9998563528060913
NC_028248,1.0,GCA_000480785,3,0.9989734888076782
NC_028248,1.0,GCA_000480335,3,0.9999890327453613
NC_028448,1.0,GCA_000488875,3,0.9998563528060913
NC_028448,1.0,GCA_000480785,3,0.9989734888076782
NC_028448,1.0,GCA_000480335,3,0.9999890327453613
NC_028449,1.0,GCA_000496895,3,0.9998563528060913
NC_028449,1.0,GCA_000496915,3,0.9998563528060913
NC_028449,1.0,GCA_000496435,3,0.9929611086845398
NC_028651,1.0,GCA_000511425,3,0.9992260932922363
NC_028651,1.0,GCA_001519005,3,0.9441710114479065
NC_028651,1.0,GCA_000511115,3,0.9975205063819885
NC_028652,1.0,GCA_000528235,3,0.9999749660491943
NC_028652,1.0,GCA_000521845,3,0.9486204385757446
NC_028652,1.0,GCA_000520455,3,0.9989734888076782
NC_028653,1.0,GCA_000534095,3,0.9995689988136292
NC_028653,1.0,GCA_000534135,3,0.9995689988136292
NC_028653,1.0,GCA_000530375,3,0.9999890327453613
NC_028654,1.0,GCA_000543585,3,0.9999749660491943
NC_028654,1.0,GCA_000240075,2,0.9999934434890747
NC_028654,1.0,GCA_000582615,2,0.9942042231559753
NC_028655,1.0,GCA_000558265,3,0.9999749660491943
NC_028655,1.0,GCA_000358395,2,0.9992260932922363
NC_028655,1.0,GCA_000252875,2,0.9050883650779724
NC_028657,1.0,GCF_000570355,3,0.9999749660491943
NC_028657,1.0,GCA_001578205,3,0.9999890327453613
NC_028657,1.0,GCF_000579375,3,0.9999749660491943
NC_028658,1.0,GCA_000582615,3,0.9942042231559753
NC_028658,1.0,GCA_001582025,3,0.9486203193664551
NC_028658,1.0,GCA_000583975,3,0.9989734888076782
NC_028659,1.0,GCA_001591525,3,0.9999890327453613
NC_028659,1.0,GCA_001598735,3,0.999171257019043
NC_028659,1.0,GCA_001598895,3,0.9998311996459961
NC_028661,1.0,GCF_000615605,3,0.9992260932922363
NC_028661,1.0,GCA_000610525,3,0.9999749660491943
NC_028661,1.0,GCA_000611735,3,0.93276047706604
NC_028662,1.0,GCA_000629185,3,0.9989734888076782
NC_028662,1.0,GCA_000629305,3,0.9989734888076782
NC_028662,1.0,GCA_000629405,3,0.9989734888076782
NC_028663,1.0,GCA_000633025,3,0.9995689988136292
NC_028663,1.0,GCA_000735125,2,0.9989965558052063
NC_028663,1.0,GCA_000698655,2,0.9050883650779724
NC_028664,1.0,GCA_000648115,3,0.6508982181549072
NC_028664,1.0,GCA_000647615,3,0.9989734888076782
NC_028664,1.0,GCA_000640795,3,0.9999749660491943
NC_028665,1.0,GCA_000358395,2,0.9992260932922363
NC_028665,1.0,GCA_000252875,2,0.9050883650779724
NC_028665,1.0,GCA_000698655,2,0.9050883650779724
NC_028666,1.0,GCA_001665905,3,0.9988412261009216
NC_028666,1.0,GCA_000698655,2,0.9050883650779724
NC_028666,1.0,GCA_001605745,2,0.9992260932922363
NC_028667,1.0,GCA_900478215,2,0.9050883650779724
NC_028667,1.0,GCA_000698655,2,0.9050883650779724
NC_028667,1.0,GCA_001605745,2,0.9992260932922363
NC_028668,1.0,GCA_000387605,2,0.6520466804504395
NC_028668,1.0,GCA_000287475,2,0.9861565828323364
NC_028668,1.0,GCA_000582615,2,0.9942042231559753
NC_028669,1.0,GCA_000698655,3,0.9050883650779724
NC_028669,1.0,GCF_000699385,3,0.9992260932922363
NC_028669,1.0,GCA_001698225,3,0.9988412261009216
NC_028670,1.0,GCA_000709495,3,0.9998563528060913
NC_028670,1.0,GCF_000704105,3,0.9992260932922363
NC_028670,1.0,GCF_000700445,3,0.9992260932922363
NC_028672,1.0,GCA_000720395,3,0.9999690055847168
NC_028672,1.0,GCA_000720255,3,0.9999690055847168
NC_028672,1.0,GCA_000735125,2,0.9989965558052063
NC_028673,1.0,GCA_000735125,3,0.9989965558052063
NC_028673,1.0,GCA_000735055,3,0.9998563528060913
NC_028673,1.0,GCA_001753225,2,0.999859094619751
NC_028675,1.0,GCA_001753225,3,0.999859094619751
NC_028675,1.0,GCA_000754405,3,0.9999934434890747
NC_028675,1.0,GCA_000754365,3,0.9999934434890747
NC_028676,1.0,GCA_000760095,3,1.0
NC_028676,1.0,GCA_000762315,3,0.9999291896820068
NC_028676,1.0,GCA_002760445,3,0.9999998807907104
NC_028677,1.0,GCA_900478215,2,0.9050883650779724
NC_028677,1.0,GCA_000735125,2,0.9989965558052063
NC_028677,1.0,GCA_001753225,2,0.999859094619751
NC_028678,1.0,GCA_000387605,2,0.6520466804504395
NC_028678,1.0,GCA_000287475,2,0.9861565828323364
NC_028678,1.0,GCA_000582615,2,0.9942042231559753
NC_028679,1.0,GCA_000735125,2,0.9989965558052063
NC_028679,1.0,GCA_000698655,2,0.9050883650779724
NC_028679,1.0,GCA_001753225,2,0.999859094619751
NC_028680,1.0,GCA_000308175,2,0.9989734888076782
NC_028680,1.0,GCA_000816125,2,0.9998775720596313
NC_028680,1.0,GCA_001605745,2,0.9992260932922363
NC_028681,1.0,GCA_000816125,3,0.9998775720596313
NC_028681,1.0,GCA_000819525,3,0.9999865293502808
NC_028681,1.0,GCA_000815925,3,0.9379350543022156
NC_028683,1.0,GCA_000816125,2,0.9998775720596313
NC_028683,1.0,GCA_000735125,2,0.9989965558052063
NC_028683,1.0,GCA_000330065,2,0.9050880670547485
NC_028684,1.0,GCA_000240075,2,0.9999934434890747
NC_028684,1.0,GCA_000144855,2,0.9998563528060913
NC_028684,1.0,GCA_000816125,2,0.9998775720596313
NC_028685,1.0,GCA_000358395,2,0.9992260932922363
NC_028685,1.0,GCA_000252875,2,0.9050883650779724
NC_028685,1.0,GCA_000816125,2,0.9998775720596313
NC_028687,1.0,GCA_002877935,3,0.9995455145835876
NC_028687,1.0,GCA_000878525,3,0.9999890327453613
NC_028687,1.0,GCA_000877495,3,0.6520458459854126
NC_028688,1.0,GCA_001886915,3,0.9728925228118896
NC_028688,1.0,GCA_000387605,2,0.6520466804504395
NC_028688,1.0,GCA_000287475,2,0.9861565828323364
NC_028691,1.0,GCA_002911955,3,0.9999890327453613
NC_028691,1.0,GCA_000816125,2,0.9998775720596313
NC_028691,1.0,GCA_900113495,2,0.9996596574783325
NC_028692,1.0,GCA_000021305,2,0.9999890327453613
NC_028692,1.0,GCA_000326305,2,0.9992260932922363
NC_028692,1.0,GCA_000221125,2,0.9998563528060913
NC_028693,1.0,GCA_000735125,2,0.9989965558052063
NC_028693,1.0,GCA_000330065,2,0.9050880670547485
NC_028693,1.0,GCA_000231215,2,0.9998563528060913
NC_028694,1.0,GCA_000240075,2,0.9999934434890747
NC_028694,1.0,GCA_000144855,2,0.9998563528060913
NC_028694,1.0,GCA_000648115,2,0.6508982181549072
NC_028695,1.0,GCA_000358395,2,0.9992260932922363
NC_028695,1.0,GCA_000252875,2,0.9050883650779724
NC_028695,1.0,GCA_001753225,2,0.999859094619751
NC_028696,1.0,GCA_000967115,3,0.9999291896820068
NC_028696,1.0,GCA_001969875,3,0.9999749660491943
NC_028696,1.0,GCA_000962015,3,0.9050883054733276
NC_028697,1.0,GCA_000972195,3,0.9989734888076782
NC_028697,1.0,GCA_000973605,3,0.9999890327453613
NC_028697,1.0,GCA_900478215,2,0.9050883650779724
NC_028698,1.0,GCA_000986655,3,0.9999890327453613
NC_028698,1.0,GCA_000987095,3,0.9999291896820068
NC_028698,1.0,GCA_000387605,2,0.6520466804504395
NC_028699,1.0,GCA_002993285,3,0.9988412261009216
NC_028699,1.0,GCA_000698655,2,0.9050883650779724
NC_028699,1.0,GCA_002092565,2,0.9728925228118896
NC_028700,1.0,GCA_000009565,3,0.9992260932922363
NC_028700,1.0,GCA_000009125,3,0.7076537013053894
NC_028700,1.0,GCA_000007625,3,0.9999291896820068
NC_028701,1.0,GCA_000015005,3,0.9486204385757446
NC_028701,1.0,GCA_000017665,3,0.9973092079162598
NC_028701,1.0,GCA_000011625,3,0.9999890327453613
NC_028702,1.0,GCA_000021305,3,0.9999890327453613
NC_028702,1.0,GCA_000025825,3,0.9999890327453613
NC_028702,1.0,GCA_001027105,3,0.9999749660491943
NC_028742,1.0,GCA_000427275,3,0.9999865293502808
NC_028742,1.0,GCA_000423025,3,0.9988412261009216
NC_028742,1.0,GCA_001427665,3,0.9999451637268066
NC_028743,1.0,GCA_000439165,3,0.9995689988136292
NC_028743,1.0,GCA_000439875,3,0.9989734888076782
NC_028743,1.0,GCA_000488875,2,0.9998563528060913
NC_028744,1.0,GCA_000444425,3,0.9996596574783325
NC_028744,1.0,GCA_000446345,3,0.9992260932922363
NC_028744,1.0,GCA_000446525,3,0.9992260932922363
NC_028745,1.0,GCA_000459995,3,0.9992260932922363
NC_028745,1.0,GCA_001457595,3,0.9486204385757446
NC_028745,1.0,GCA_000459595,3,0.9992260932922363
NC_028746,1.0,GCA_000461495,3,0.9992260932922363
NC_028746,1.0,GCA_000461595,3,0.9992260932922363
NC_028746,1.0,GCA_000461615,3,0.9992260932922363
NC_028747,1.0,GCA_900478215,3,0.9050883650779724
NC_028747,1.0,GCA_000474575,3,0.9050883650779724
NC_028747,1.0,GCA_000477515,3,0.9929611086845398
NC_028748,1.0,GCA_000488875,3,0.9998563528060913
NC_028748,1.0,GCA_000480785,3,0.9989734888076782
NC_028748,1.0,GCA_000480335,3,0.9999890327453613
NC_028749,1.0,GCA_000496895,3,0.9998563528060913
NC_028749,1.0,GCA_000496915,3,0.9998563528060913
NC_028749,1.0,GCA_000496435,3,0.9929611086845398
NC_028750,1.0,GCA_000507605,3,0.9992260932922363
NC_028750,1.0,GCA_000503535,3,0.9992260932922363
NC_028750,1.0,GCA_000505425,3,0.9050883650779724
NC_028751,1.0,GCA_000511425,3,0.9992260932922363
NC_028751,1.0,GCA_001519005,3,0.9441710114479065
NC_028751,1.0,GCA_000511115,3,0.9975205063819885
NC_028754,1.0,GCA_000543585,3,0.9999749660491943
NC_028754,1.0,GCA_000240075,2,0.9999934434890747
NC_028754,1.0,GCA_000582615,2,0.9942042231559753
NC_028755,1.0,GCA_000558265,3,0.9999749660491943
NC_028755,1.0,GCA_000358395,2,0.9992260932922363
NC_028755,1.0,GCA_000252875,2,0.9050883650779724
NC_028757,1.0,GCF_000570355,3,0.9999749660491943
NC_028757,1.0,GCA_001578205,3,0.9999890327453613
NC_028757,1.0,GCF_000579375,3,0.9999749660491943
NC_028758,1.0,GCA_000582615,3,0.9942042231559753
NC_028758,1.0,GCA_001582025,3,0.9486203193664551
NC_028758,1.0,GCA_000583975,3,0.9989734888076782
NC_028759,1.0,GCA_001591525,3,0.9999890327453613
NC_028759,1.0,GCA_001598735,3,0.999171257019043
NC_028759,1.0,GCA_001598895,3,0.9998311996459961
NC_028760,1.0,GCA_001605745,3,0.9992260932922363
NC_028760,1.0,GCA_000607065,3,0.9999749660491943
NC_028760,1.0,GCA_000606305,3,0.9999749660491943
NC_028762,1.0,GCA_000629185,3,0.9989734888076782
NC_028762,1.0,GCA_000629305,3,0.9989734888076782
NC_028762,1.0,GCA_000629405,3,0.9989734888076782
NC_028765,1.0,GCA_000358395,2,0.9992260932922363
NC_028765,1.0,GCA_000252875,2,0.9050883650779724
NC_028765,1.0,GCA_000698655,2,0.9050883650779724
NC_028766,1.0,GCA_001665905,3,0.9988412261009216
NC_028766,1.0,GCA_000698655,2,0.9050883650779724
NC_028766,1.0,GCA_001605745,2,0.9992260932922363
NC_028767,1.0,GCA_900478215,2,0.9050883650779724
NC_028767,1.0,GCA_000698655,2,0.9050883650779724
NC_028767,1.0,GCA_001605745,2,0.9992260932922363
NC_028768,1.0,GCA_000387605,2,0.6520466804504395
NC_028768,1.0,GCA_000287475,2,0.9861565828323364
NC_028768,1.0,GCA_000582615,2,0.9942042231559753
NC_028770,1.0,GCA_000709495,3,0.9998563528060913
NC_028770,1.0,GCF_000704105,3,0.9992260932922363
NC_028770,1.0,GCF_000700445,3,0.9992260932922363
NC_028772,1.0,GCA_000720395,3,0.9999690055847168
NC_028772,1.0,GCA_000720255,3,0.9999690055847168
NC_028772,1.0,GCA_000735125,2,0.9989965558052063
NC_028773,1.0,GCA_000735125,3,0.9989965558052063
NC_028773,1.0,GCA_000735055,3,0.9998563528060913
NC_028773,1.0,GCA_001753225,2,0.999859094619751
NC_028774,1.0,GCA_000749965,3,0.9893352389335632
NC_028774,1.0,GCA_000748405,3,0.9050880670547485
NC_028774,1.0,GCA_000748205,3,0.9050880670547485
NC_028775,1.0,GCA_001753225,3,0.999859094619751
NC_028775,1.0,GCA_000754405,3,0.9999934434890747
NC_028775,1.0,GCA_000754365,3,0.9999934434890747
NC_028776,1.0,GCA_000760095,3,1.0
NC_028776,1.0,GCA_000762315,3,0.9999291896820068
NC_028776,1.0,GCA_002760445,3,0.9999998807907104
NC_028777,1.0,GCA_900478215,2,0.9050883650779724
NC_028777,1.0,GCA_000735125,2,0.9989965558052063
NC_028777,1.0,GCA_001753225,2,0.999859094619751
NC_028778,1.0,GCA_000387605,2,0.6520466804504395
NC_028778,1.0,GCA_000287475,2,0.9861565828323364
NC_028778,1.0,GCA_000582615,2,0.9942042231559753
NC_028779,1.0,GCA_000735125,2,0.9989965558052063
NC_028779,1.0,GCA_000698655,2,0.9050883650779724
NC_028779,1.0,GCA_001753225,2,0.999859094619751
NC_028782,1.0,GCA_000827775,3,0.9995689988136292
NC_028782,1.0,GCA_000816125,2,0.9998775720596313
NC_028782,1.0,GCA_000021305,2,0.9999890327453613
NC_028783,1.0,GCA_000816125,2,0.9998775720596313
NC_028783,1.0,GCA_000735125,2,0.9989965558052063
NC_028783,1.0,GCA_000330065,2,0.9050880670547485
NC_028784,1.0,GCA_000240075,2,0.9999934434890747
NC_028784,1.0,GCA_000144855,2,0.9998563528060913
NC_028784,1.0,GCA_000816125,2,0.9998775720596313
NC_028785,1.0,GCA_000358395,2,0.9992260932922363
NC_028785,1.0,GCA_000252875,2,0.9050883650779724
NC_028785,1.0,GCA_000816125,2,0.9998775720596313
NC_028786,1.0,GCA_000816125,2,0.9998775720596313
NC_028786,1.0,GCA_900169695,2,0.9942042231559753
NC_028786,1.0,GCA_000461495,2,0.9992260932922363
NC_028787,1.0,GCA_002877935,3,0.9995455145835876
NC_028787,1.0,GCA_000878525,3,0.9999890327453613
NC_028787,1.0,GCA_000877495,3,0.6520458459854126
NC_028788,1.0,GCA_001886915,3,0.9728925228118896
NC_028788,1.0,GCA_000387605,2,0.6520466804504395
NC_028788,1.0,GCA_000287475,2,0.9861565828323364
NC_028789,1.0,GCA_000816125,2,0.9998775720596313
NC_028789,1.0,GCA_000698655,2,0.9050883650779724
NC_028789,1.0,GCA_002092565,2,0.9728925228118896
NC_028791,1.0,GCA_002911955,3,0.9999890327453613
NC_028791,1.0,GCA_000816125,2,0.9998775720596313
NC_028791,1.0,GCA_900113495,2,0.9996596574783325
NC_028792,1.0,GCA_000021305,2,0.9999890327453613
NC_028792,1.0,GCA_000326305,2,0.9992260932922363
NC_028792,1.0,GCA_000221125,2,0.9998563528060913
NC_028794,1.0,GCA_000240075,2,0.9999934434890747
NC_028794,1.0,GCA_000144855,2,0.9998563528060913
NC_028794,1.0,GCA_000648115,2,0.6508982181549072
NC_028795,1.0,GCA_000358395,2,0.9992260932922363
NC_028795,1.0,GCA_000252875,2,0.9050883650779724
NC_028795,1.0,GCA_001753225,2,0.999859094619751
NC_028796,1.0,GCA_000967115,3,0.9999291896820068
NC_028796,1.0,GCA_001969875,3,0.9999749660491943
NC_028796,1.0,GCA_000962015,3,0.9050883054733276
NC_028798,1.0,GCA_000986655,3,0.9999890327453613
NC_028798,1.0,GCA_000987095,3,0.9999291896820068
NC_028798,1.0,GCA_000387605,2,0.6520466804504395
NC_028799,1.0,GCA_002993285,3,0.9988412261009216
NC_028799,1.0,GCA_000698655,2,0.9050883650779724
NC_028799,1.0,GCA_002092565,2,0.9728925228118896
NC_028800,1.0,GCA_000009565,3,0.9992260932922363
NC_028800,1.0,GCA_000009125,3,0.7076537013053894
NC_028800,1.0,GCA_000007625,3,0.9999291896820068
NC_028801,1.0,GCA_000015005,3,0.9486204385757446
NC_028801,1.0,GCA_000017665,3,0.9973092079162598
NC_028801,1.0,GCA_000011625,3,0.9999890327453613
NC_028802,1.0,GCA_000021305,3,0.9999890327453613
NC_028802,1.0,GCA_000025825,3,0.9999890327453613
NC_028802,1.0,GCA_001027105,3,0.9999749660491943
NC_028803,1.0,GCA_000735125,2,0.9989965558052063
NC_028803,1.0,GCA_000021305,2,0.9999890327453613
NC_028803,1.0,GCA_002092565,2,0.9728925228118896
NC_028804,1.0,GCA_000240075,2,0.9999934434890747
NC_028804,1.0,GCA_000144855,2,0.9998563528060913
NC_028804,1.0,GCA_000648115,2,0.6508982181549072
NC_028805,1.0,GCA_001050755,3,0.999171257019043
NC_028805,1.0,GCA_001050455,3,0.9999890327453613
NC_028805,1.0,GCA_000358395,2,0.9992260932922363
NC_028807,1.0,GCA_002076875,3,0.9228240251541138
NC_028807,1.0,GCA_002079305,3,0.999902606010437
NC_028807,1.0,GCA_900478215,2,0.9050883650779724
NC_028808,1.0,GCA_002082155,3,0.9975205063819885
NC_028808,1.0,GCA_000387605,2,0.6520466804504395
NC_028808,1.0,GCA_000287475,2,0.9861565828323364
NC_028809,1.0,GCA_002092565,3,0.9728925228118896
NC_028809,1.0,GCA_000092225,3,0.9933057427406311
NC_028809,1.0,GCA_000091725,3,0.9959579110145569
NC_028810,1.0,GCA_900102845,3,0.9998563528060913
NC_028810,1.0,GCA_900105435,3,0.9988412261009216
NC_028810,1.0,GCA_002109645,3,0.9992260932922363
NC_028812,1.0,GCA_002127815,3,0.9050880670547485
NC_028812,1.0,GCA_000144855,2,0.9998563528060913
NC_028812,1.0,GCA_900169695,2,0.9942042231559753
NC_028813,1.0,GCA_000144855,2,0.9998563528060913
NC_028813,1.0,GCA_000735125,2,0.9989965558052063
NC_028813,1.0,GCA_900169695,2,0.9942042231559753
NC_028815,1.0,GCA_000153645,3,0.9999865293502808
NC_028815,1.0,GCA_000153605,3,0.9975205063819885
NC_028815,1.0,GCA_000155515,3,0.9929611086845398
NC_028816,1.0,GCA_900169695,3,0.9942042231559753
NC_028816,1.0,GCA_000160595,3,0.9728925228118896
NC_028816,1.0,GCA_000168335,3,0.9989734888076782
NC_028817,1.0,GCA_000177295,3,0.9999890327453613
NC_028817,1.0,GCA_000178075,3,0.9998563528060913
NC_028817,1.0,GCA_002170475,3,0.9995455145835876
NC_028818,1.0,GCA_001180325,3,1.0
NC_028818,1.0,GCA_000187665,3,0.9975205063819885
NC_028818,1.0,GCA_000188855,3,0.9992260932922363
NC_028819,1.0,GCA_000194845,3,0.9998563528060913
NC_028819,1.0,GCA_000192435,3,0.9988412261009216
NC_028819,1.0,GCA_000194905,3,0.9998563528060913
NC_028820,1.0,GCA_000208765,3,0.9942042231559753
NC_028820,1.0,GCA_000203995,3,0.9998563528060913
NC_028820,1.0,GCA_000204925,3,0.9711077213287354
NC_028821,1.0,GCA_000217615,3,0.9998563528060913
NC_028821,1.0,GCA_000219535,3,0.9997116923332214
NC_028821,1.0,GCA_000219965,3,0.9995689988136292
NC_028822,1.0,GCA_000221125,3,0.9998563528060913
NC_028822,1.0,GCA_000225665,3,0.9998041987419128
NC_028822,1.0,GCA_000225265,3,0.9999890327453613
NC_028823,1.0,GCA_000231215,3,0.9998563528060913
NC_028823,1.0,GCA_000237765,3,0.6520466804504395
NC_028823,1.0,GCA_000237005,3,0.9997116923332214
NC_028825,1.0,GCA_000252875,3,0.9050883650779724
NC_028825,1.0,GCA_000253235,3,0.9999690055847168
NC_028825,1.0,GCA_002259955,3,0.9997116923332214
NC_028826,1.0,GCA_000268005,3,0.9379351735115051
NC_028826,1.0,GCA_002265965,3,0.9050880670547485
NC_028826,1.0,GCA_000263915,3,0.9992260932922363
NC_028827,1.0,GCA_000277565,3,0.9942042231559753
NC_028827,1.0,GCA_001270675,3,0.9999690055847168
NC_028827,1.0,GCA_000270085,3,0.9995784163475037
NC_028828,1.0,GCA_000287475,3,0.9861565828323364
NC_028828,1.0,GCA_000287815,3,0.9989734888076782
NC_028828,1.0,GCA_000281555,3,0.9995689988136292
NC_028829,1.0,GCA_001298895,3,0.9991356730461121
NC_028829,1.0,GCA_001299235,3,0.9991356730461121
NC_028829,1.0,GCA_001298795,3,0.9991356730461121
NC_028830,1.0,GCA_000308175,3,0.9989734888076782
NC_028830,1.0,GCA_000303495,3,0.9992260932922363
NC_028830,1.0,GCA_000304415,3,0.9861565828323364
NC_028831,1.0,GCA_000316425,3,0.9992260932922363
NC_028831,1.0,GCA_000319615,3,0.9973093271255493
NC_028831,1.0,GCA_000316245,3,0.9995689988136292
NC_028832,1.0,GCA_000326305,3,0.9992260932922363
NC_028832,1.0,GCA_000326625,3,0.9992260932922363
NC_028832,1.0,GCA_000321665,3,0.6508982181549072
NC_028834,1.0,GCA_000342325,3,0.9942042231559753
NC_028834,1.0,GCA_000348545,3,0.707654595375061
NC_028834,1.0,GCA_000344135,3,0.9988412261009216
NC_028835,1.0,GCA_000358395,3,0.9992260932922363
NC_028835,1.0,GCA_000357785,3,0.9992260932922363
NC_028835,1.0,GCA_000351145,3,0.9992260932922363
NC_028836,1.0,GCA_000367605,3,0.99017733335495
NC_028836,1.0,GCA_000363625,3,0.9999749660491943
NC_028836,1.0,GCA_000367625,3,0.99017733335495
NC_028837,1.0,GCA_000375585,3,0.9861565828323364
NC_028837,1.0,GCA_000374385,3,0.9997116923332214
NC_028837,1.0,GCA_000358395,2,0.9992260932922363
NC_028841,1.0,GCA_000416925,3,0.9989734888076782
NC_028841,1.0,GCA_000417445,3,0.9995689988136292
NC_028841,1.0,GCA_000410115,3,0.9929611086845398
NC_028842,1.0,GCA_000427275,3,0.9999865293502808
NC_028842,1.0,GCA_000423025,3,0.9988412261009216
NC_028842,1.0,GCA_001427665,3,0.9999451637268066
NC_028843,1.0,GCA_000439165,3,0.9995689988136292
NC_028843,1.0,GCA_000439875,3,0.9989734888076782
NC_028843,1.0,GCA_000488875,2,0.9998563528060913
NC_028844,1.0,GCA_000444425,3,0.9996596574783325
NC_028844,1.0,GCA_000446345,3,0.9992260932922363
NC_028844,1.0,GCA_000446525,3,0.9992260932922363
NC_028846,1.0,GCA_000461495,3,0.9992260932922363
NC_028846,1.0,GCA_000461595,3,0.9992260932922363
NC_028846,1.0,GCA_000461615,3,0.9992260932922363
NC_028848,1.0,GCA_000488875,3,0.9998563528060913
NC_028848,1.0,GCA_000480785,3,0.9989734888076782
NC_028848,1.0,GCA_000480335,3,0.9999890327453613
NC_028849,1.0,GCA_000496895,3,0.9998563528060913
NC_028849,1.0,GCA_000496915,3,0.9998563528060913
NC_028849,1.0,GCA_000496435,3,0.9929611086845398
NC_028850,1.0,GCA_000507605,3,0.9992260932922363
NC_028850,1.0,GCA_000503535,3,0.9992260932922363
NC_028850,1.0,GCA_000505425,3,0.9050883650779724
NC_028851,1.0,GCA_000511425,3,0.9992260932922363
NC_028851,1.0,GCA_001519005,3,0.9441710114479065
NC_028851,1.0,GCA_000511115,3,0.9975205063819885
NC_028852,1.0,GCA_000528235,3,0.9999749660491943
NC_028852,1.0,GCA_000521845,3,0.9486204385757446
NC_028852,1.0,GCA_000520455,3,0.9989734888076782
NC_028853,1.0,GCA_000534095,3,0.9995689988136292
NC_028853,1.0,GCA_000534135,3,0.9995689988136292
NC_028853,1.0,GCA_000530375,3,0.9999890327453613
NC_028854,1.0,GCA_000543585,3,0.9999749660491943
NC_028854,1.0,GCA_000240075,2,0.9999934434890747
NC_028854,1.0,GCA_000582615,2,0.9942042231559753
NC_028855,1.0,GCA_000558265,3,0.9999749660491943
NC_028855,1.0,GCA_000358395,2,0.9992260932922363
NC_028855,1.0,GCA_000252875,2,0.9050883650779724
NC_028856,1.0,GCA_000565605,3,0.9379352927207947
NC_028856,1.0,GCA_000564835,3,0.9992260932922363
NC_028856,1.0,GCA_000566485,3,0.9379351735115051
NC_028857,1.0,GCF_000570355,3,0.9999749660491943
NC_028857,1.0,GCA_001578205,3,0.9999890327453613
NC_028857,1.0,GCF_000579375,3,0.9999749660491943
NC_028859,1.0,GCA_001591525,3,0.9999890327453613
NC_028859,1.0,GCA_001598735,3,0.999171257019043
NC_028859,1.0,GCA_001598895,3,0.9998311996459961
NC_028860,1.0,GCA_001605745,3,0.9992260932922363
NC_028860,1.0,GCA_000607065,3,0.9999749660491943
NC_028860,1.0,GCA_000606305,3,0.9999749660491943
NC_028861,1.0,GCF_000615605,3,0.9992260932922363
NC_028861,1.0,GCA_000610525,3,0.9999749660491943
NC_028861,1.0,GCA_000611735,3,0.93276047706604
NC_028862,1.0,GCA_000629185,3,0.9989734888076782
NC_028862,1.0,GCA_000629305,3,0.9989734888076782
NC_028862,1.0,GCA_000629405,3,0.9989734888076782
NC_028863,1.0,GCA_000633025,3,0.9995689988136292
NC_028863,1.0,GCA_000735125,2,0.9989965558052063
NC_028863,1.0,GCA_000698655,2,0.9050883650779724
NC_028869,1.0,GCA_000698655,3,0.9050883650779724
NC_028869,1.0,GCF_000699385,3,0.9992260932922363
NC_028869,1.0,GCA_001698225,3,0.9988412261009216
NC_028870,1.0,GCA_000709495,3,0.9998563528060913
NC_028870,1.0,GCF_000704105,3,0.9992260932922363
NC_028870,1.0,GCF_000700445,3,0.9992260932922363
NC_028871,1.0,GCA_000710145,3,0.999859094619751
NC_028871,1.0,GCF_000714065,3,0.9992260932922363
NC_028871,1.0,GCA_000710255,3,0.9999890327453613
NC_028872,1.0,GCA_000720395,3,0.9999690055847168
NC_028872,1.0,GCA_000720255,3,0.9999690055847168
NC_028872,1.0,GCA_000735125,2,0.9989965558052063
NC_028874,1.0,GCA_000749965,3,0.9893352389335632
NC_028874,1.0,GCA_000748405,3,0.9050880670547485
NC_028874,1.0,GCA_000748205,3,0.9050880670547485
NC_028876,1.0,GCA_000760095,3,1.0
NC_028876,1.0,GCA_000762315,3,0.9999291896820068
NC_028876,1.0,GCA_002760445,3,0.9999998807907104
NC_028877,1.0,GCA_900478215,2,0.9050883650779724
NC_028877,1.0,GCA_000735125,2,0.9989965558052063
NC_028877,1.0,GCA_001753225,2,0.999859094619751
NC_028878,1.0,GCA_000387605,2,0.6520466804504395
NC_028878,1.0,GCA_000287475,2,0.9861565828323364
NC_028878,1.0,GCA_000582615,2,0.9942042231559753
NC_028879,1.0,GCA_000735125,2,0.9989965558052063
NC_028879,1.0,GCA_000698655,2,0.9050883650779724
NC_028879,1.0,GCA_001753225,2,0.999859094619751
NC_028880,1.0,GCA_000308175,2,0.9989734888076782
NC_028880,1.0,GCA_000816125,2,0.9998775720596313
NC_028880,1.0,GCA_001605745,2,0.9992260932922363
NC_028881,1.0,GCA_000816125,3,0.9998775720596313
NC_028881,1.0,GCA_000819525,3,0.9999865293502808
NC_028881,1.0,GCA_000815925,3,0.9379350543022156
NC_028882,1.0,GCA_000827775,3,0.9995689988136292
NC_028882,1.0,GCA_000816125,2,0.9998775720596313
NC_028882,1.0,GCA_000021305,2,0.9999890327453613
NC_028885,1.0,GCA_000358395,2,0.9992260932922363
NC_028885,1.0,GCA_000252875,2,0.9050883650779724
NC_028885,1.0,GCA_000816125,2,0.9998775720596313
NC_028886,1.0,GCA_000816125,2,0.9998775720596313
NC_028886,1.0,GCA_900169695,2,0.9942042231559753
NC_028886,1.0,GCA_000461495,2,0.9992260932922363
NC_028887,1.0,GCA_002877935,3,0.9995455145835876
NC_028887,1.0,GCA_000878525,3,0.9999890327453613
NC_028887,1.0,GCA_000877495,3,0.6520458459854126
NC_028888,1.0,GCA_001886915,3,0.9728925228118896
NC_028888,1.0,GCA_000387605,2,0.6520466804504395
NC_028888,1.0,GCA_000287475,2,0.9861565828323364
NC_028889,1.0,GCA_000816125,2,0.9998775720596313
NC_028889,1.0,GCA_000698655,2,0.9050883650779724
NC_028889,1.0,GCA_002092565,2,0.9728925228118896
NC_028890,1.0,GCA_001904725,3,0.9999865293502808
NC_028890,1.0,GCA_001908375,3,0.9998775720596313
NC_028890,1.0,GCA_000308175,2,0.9989734888076782
NC_028892,1.0,GCA_000021305,2,0.9999890327453613
NC_028892,1.0,GCA_000326305,2,0.9992260932922363
NC_028892,1.0,GCA_000221125,2,0.9998563528060913
NC_028894,1.0,GCA_000240075,2,0.9999934434890747
NC_028894,1.0,GCA_000144855,2,0.9998563528060913
NC_028894,1.0,GCA_000648115,2,0.6508982181549072
NC_028895,1.0,GCA_000358395,2,0.9992260932922363
NC_028895,1.0,GCA_000252875,2,0.9050883650779724
NC_028895,1.0,GCA_001753225,2,0.999859094619751
NC_028896,1.0,GCA_000967115,3,0.9999291896820068
NC_028896,1.0,GCA_001969875,3,0.9999749660491943
NC_028896,1.0,GCA_000962015,3,0.9050883054733276
NC_028897,1.0,GCA_000972195,3,0.9989734888076782
NC_028897,1.0,GCA_000973605,3,0.9999890327453613
NC_028897,1.0,GCA_900478215,2,0.9050883650779724
NC_028898,1.0,GCA_000986655,3,0.9999890327453613
NC_028898,1.0,GCA_000987095,3,0.9999291896820068
NC_028898,1.0,GCA_000387605,2,0.6520466804504395
NC_028899,1.0,GCA_002993285,3,0.9988412261009216
NC_028899,1.0,GCA_000698655,2,0.9050883650779724
NC_028899,1.0,GCA_002092565,2,0.9728925228118896
NC_028900,1.0,GCA_000009565,3,0.9992260932922363
NC_028900,1.0,GCA_000009125,3,0.7076537013053894
NC_028900,1.0,GCA_000007625,3,0.9999291896820068
NC_028901,1.0,GCA_000015005,3,0.9486204385757446
NC_028901,1.0,GCA_000017665,3,0.9973092079162598
NC_028901,1.0,GCA_000011625,3,0.9999890327453613
NC_028903,1.0,GCA_000735125,2,0.9989965558052063
NC_028903,1.0,GCA_000021305,2,0.9999890327453613
NC_028903,1.0,GCA_002092565,2,0.9728925228118896
NC_028904,1.0,GCA_000240075,2,0.9999934434890747
NC_028904,1.0,GCA_000144855,2,0.9998563528060913
NC_028904,1.0,GCA_000648115,2,0.6508982181549072
NC_028906,1.0,GCA_002063615,3,0.9050880670547485
NC_028906,1.0,GCA_000069965,3,0.9996596574783325
NC_028906,1.0,GCA_000063505,3,0.9999998807907104
NC_028907,1.0,GCA_002076875,3,0.9228240251541138
NC_028907,1.0,GCA_002079305,3,0.999902606010437
NC_028907,1.0,GCA_900478215,2,0.9050883650779724
NC_028908,1.0,GCA_002082155,3,0.9975205063819885
NC_028908,1.0,GCA_000387605,2,0.6520466804504395
NC_028908,1.0,GCA_000287475,2,0.9861565828323364
NC_028910,1.0,GCA_900102845,3,0.9998563528060913
NC_028910,1.0,GCA_900105435,3,0.9988412261009216
NC_028910,1.0,GCA_002109645,3,0.9992260932922363
NC_028911,1.0,GCA_900113495,3,0.9996596574783325
NC_028911,1.0,GCA_003118595,3,0.9050880670547485
NC_028911,1.0,GCA_000144855,2,0.9998563528060913
NC_028912,1.0,GCA_002127815,3,0.9050880670547485
NC_028912,1.0,GCA_000144855,2,0.9998563528060913
NC_028912,1.0,GCA_900169695,2,0.9942042231559753
NC_028914,1.0,GCA_000144855,3,0.9998563528060913
NC_028914,1.0,GCA_000145195,3,0.9998563528060913
NC_028914,1.0,GCA_000145155,3,0.9998563528060913
NC_028915,1.0,GCA_000153645,3,0.9999865293502808
NC_028915,1.0,GCA_000153605,3,0.9975205063819885
NC_028915,1.0,GCA_000155515,3,0.9929611086845398
NC_028916,1.0,GCA_900169695,3,0.9942042231559753
NC_028916,1.0,GCA_000160595,3,0.9728925228118896
NC_028916,1.0,GCA_000168335,3,0.9989734888076782
NC_028917,1.0,GCA_000177295,3,0.9999890327453613
NC_028917,1.0,GCA_000178075,3,0.9998563528060913
NC_028917,1.0,GCA_002170475,3,0.9995455145835876
NC_028919,1.0,GCA_000194845,3,0.9998563528060913
NC_028919,1.0,GCA_000192435,3,0.9988412261009216
NC_028919,1.0,GCA_000194905,3,0.9998563528060913
NC_028920,1.0,GCA_000208765,3,0.9942042231559753
NC_028920,1.0,GCA_000203995,3,0.9998563528060913
NC_028920,1.0,GCA_000204925,3,0.9711077213287354
NC_028922,1.0,GCA_000221125,3,0.9998563528060913
NC_028922,1.0,GCA_000225665,3,0.9998041987419128
NC_028922,1.0,GCA_000225265,3,0.9999890327453613
NC_028923,1.0,GCA_000231215,3,0.9998563528060913
NC_028923,1.0,GCA_000237765,3,0.6520466804504395
NC_028923,1.0,GCA_000237005,3,0.9997116923332214
NC_028925,1.0,GCA_000252875,3,0.9050883650779724
NC_028925,1.0,GCA_000253235,3,0.9999690055847168
NC_028925,1.0,GCA_002259955,3,0.9997116923332214
NC_028926,1.0,GCA_000268005,3,0.9379351735115051
NC_028926,1.0,GCA_002265965,3,0.9050880670547485
NC_028926,1.0,GCA_000263915,3,0.9992260932922363
NC_028927,1.0,GCA_000277565,3,0.9942042231559753
NC_028927,1.0,GCA_001270675,3,0.9999690055847168
NC_028927,1.0,GCA_000270085,3,0.9995784163475037
NC_028928,1.0,GCA_000287475,3,0.9861565828323364
NC_028928,1.0,GCA_000287815,3,0.9989734888076782
NC_028928,1.0,GCA_000281555,3,0.9995689988136292
NC_028929,1.0,GCA_001298895,3,0.9991356730461121
NC_028929,1.0,GCA_001299235,3,0.9991356730461121
NC_028929,1.0,GCA_001298795,3,0.9991356730461121
NC_028930,1.0,GCA_000308175,3,0.9989734888076782
NC_028930,1.0,GCA_000303495,3,0.9992260932922363
NC_028930,1.0,GCA_000304415,3,0.9861565828323364
NC_028931,1.0,GCA_000316425,3,0.9992260932922363
NC_028931,1.0,GCA_000319615,3,0.9973093271255493
NC_028931,1.0,GCA_000316245,3,0.9995689988136292
NC_028932,1.0,GCA_000326305,3,0.9992260932922363
NC_028932,1.0,GCA_000326625,3,0.9992260932922363
NC_028932,1.0,GCA_000321665,3,0.6508982181549072
NC_028933,1.0,GCA_000330065,3,0.9050880670547485
NC_028933,1.0,GCA_000334875,3,0.9999890327453613
NC_028933,1.0,GCA_000331165,3,0.9486204385757446
NC_028934,1.0,GCA_000342325,3,0.9942042231559753
NC_028934,1.0,GCA_000348545,3,0.707654595375061
NC_028934,1.0,GCA_000344135,3,0.9988412261009216
NC_028935,1.0,GCA_000358395,3,0.9992260932922363
NC_028935,1.0,GCA_000357785,3,0.9992260932922363
NC_028935,1.0,GCA_000351145,3,0.9992260932922363
NC_028936,1.0,GCA_000367605,3,0.99017733335495
NC_028936,1.0,GCA_000363625,3,0.9999749660491943
NC_028936,1.0,GCA_000367625,3,0.99017733335495
NC_028937,1.0,GCA_000375585,3,0.9861565828323364
NC_028937,1.0,GCA_000374385,3,0.9997116923332214
NC_028937,1.0,GCA_000358395,2,0.9992260932922363
NC_028938,1.0,GCA_000387605,3,0.6520466804504395
NC_028938,1.0,GCA_000387705,3,0.6520458459854126
NC_028938,1.0,GCA_000382065,3,0.93276047706604
NC_028939,1.0,GCA_000394875,3,0.6508982181549072
NC_028939,1.0,GCA_000391125,3,0.6508982181549072
NC_028939,1.0,GCA_000390525,3,0.6508978009223938
NC_028941,1.0,GCA_000416925,3,0.9989734888076782
NC_028941,1.0,GCA_000417445,3,0.9995689988136292
NC_028941,1.0,GCA_000410115,3,0.9929611086845398
NC_028943,1.0,GCA_000439165,3,0.9995689988136292
NC_028943,1.0,GCA_000439875,3,0.9989734888076782
NC_028943,1.0,GCA_000488875,2,0.9998563528060913
NC_028944,1.0,GCA_000444425,3,0.9996596574783325
NC_028944,1.0,GCA_000446345,3,0.9992260932922363
NC_028944,1.0,GCA_000446525,3,0.9992260932922363
NC_028945,1.0,GCA_000459995,3,0.9992260932922363
NC_028945,1.0,GCA_001457595,3,0.9486204385757446
NC_028945,1.0,GCA_000459595,3,0.9992260932922363
NC_028946,1.0,GCA_000461495,3,0.9992260932922363
NC_028946,1.0,GCA_000461595,3,0.9992260932922363
NC_028946,1.0,GCA_000461615,3,0.9992260932922363
NC_028947,1.0,GCA_900478215,3,0.9050883650779724
NC_028947,1.0,GCA_000474575,3,0.9050883650779724
NC_028947,1.0,GCA_000477515,3,0.9929611086845398
NC_028952,1.0,GCA_000528235,3,0.9999749660491943
NC_028952,1.0,GCA_000521845,3,0.9486204385757446
NC_028952,1.0,GCA_000520455,3,0.9989734888076782
NC_028953,1.0,GCA_000534095,3,0.9995689988136292
NC_028953,1.0,GCA_000534135,3,0.9995689988136292
NC_028953,1.0,GCA_000530375,3,0.9999890327453613
NC_028954,1.0,GCA_000543585,3,0.9999749660491943
NC_028954,1.0,GCA_000240075,2,0.9999934434890747
NC_028954,1.0,GCA_000582615,2,0.9942042231559753
NC_028955,1.0,GCA_000558265,3,0.9999749660491943
NC_028955,1.0,GCA_000358395,2,0.9992260932922363
NC_028955,1.0,GCA_000252875,2,0.9050883650779724
NC_028956,1.0,GCA_000565605,3,0.9379352927207947
NC_028956,1.0,GCA_000564835,3,0.9992260932922363
NC_028956,1.0,GCA_000566485,3,0.9379351735115051
NC_028957,1.0,GCF_000570355,3,0.9999749660491943
NC_028957,1.0,GCA_001578205,3,0.9999890327453613
NC_028957,1.0,GCF_000579375,3,0.9999749660491943
NC_028960,1.0,GCA_001605745,3,0.9992260932922363
NC_028960,1.0,GCA_000607065,3,0.9999749660491943
NC_028960,1.0,GCA_000606305,3,0.9999749660491943
NC_028961,1.0,GCF_000615605,3,0.9992260932922363
NC_028961,1.0,GCA_000610525,3,0.9999749660491943
NC_028961,1.0,GCA_000611735,3,0.93276047706604
NC_028962,1.0,GCA_000629185,3,0.9989734888076782
NC_028962,1.0,GCA_000629305,3,0.9989734888076782
NC_028962,1.0,GCA_000629405,3,0.9989734888076782
NC_028965,1.0,GCA_000358395,2,0.9992260932922363
NC_028965,1.0,GCA_000252875,2,0.9050883650779724
NC_028965,1.0,GCA_000698655,2,0.9050883650779724
NC_028967,1.0,GCA_900478215,2,0.9050883650779724
NC_028967,1.0,GCA_000698655,2,0.9050883650779724
NC_028967,1.0,GCA_001605745,2,0.9992260932922363
NC_028968,1.0,GCA_000387605,2,0.6520466804504395
NC_028968,1.0,GCA_000287475,2,0.9861565828323364
NC_028968,1.0,GCA_000582615,2,0.9942042231559753
NC_028969,1.0,GCA_000698655,3,0.9050883650779724
NC_028969,1.0,GCF_000699385,3,0.9992260932922363
NC_028969,1.0,GCA_001698225,3,0.9988412261009216
NC_028971,1.0,GCA_000710145,3,0.999859094619751
NC_028971,1.0,GCF_000714065,3,0.9992260932922363
NC_028971,1.0,GCA_000710255,3,0.9999890327453613
NC_028972,1.0,GCA_000720395,3,0.9999690055847168
NC_028972,1.0,GCA_000720255,3,0.9999690055847168
NC_028972,1.0,GCA_000735125,2,0.9989965558052063
NC_028974,1.0,GCA_000749965,3,0.9893352389335632
NC_028974,1.0,GCA_000748405,3,0.9050880670547485
NC_028974,1.0,GCA_000748205,3,0.9050880670547485
NC_028976,1.0,GCA_000760095,3,1.0
NC_028976,1.0,GCA_000762315,3,0.9999291896820068
NC_028976,1.0,GCA_002760445,3,0.9999998807907104
NC_028977,1.0,GCA_900478215,2,0.9050883650779724
NC_028977,1.0,GCA_000735125,2,0.9989965558052063
NC_028977,1.0,GCA_001753225,2,0.999859094619751
NC_028978,1.0,GCA_000387605,2,0.6520466804504395
NC_028978,1.0,GCA_000287475,2,0.9861565828323364
NC_028978,1.0,GCA_000582615,2,0.9942042231559753
NC_028979,1.0,GCA_000735125,2,0.9989965558052063
NC_028979,1.0,GCA_000698655,2,0.9050883650779724
NC_028979,1.0,GCA_001753225,2,0.999859094619751
NC_028980,1.0,GCA_000308175,2,0.9989734888076782
NC_028980,1.0,GCA_000816125,2,0.9998775720596313
NC_028980,1.0,GCA_001605745,2,0.9992260932922363
NC_028982,1.0,GCA_000827775,3,0.9995689988136292
NC_028982,1.0,GCA_000816125,2,0.9998775720596313
NC_028982,1.0,GCA_000021305,2,0.9999890327453613
NC_028983,1.0,GCA_000816125,2,0.9998775720596313
NC_028983,1.0,GCA_000735125,2,0.9989965558052063
NC_028983,1.0,GCA_000330065,2,0.9050880670547485
NC_028984,1.0,GCA_000240075,2,0.9999934434890747
NC_028984,1.0,GCA_000144855,2,0.9998563528060913
NC_028984,1.0,GCA_000816125,2,0.9998775720596313
NC_028986,1.0,GCA_000816125,2,0.9998775720596313
NC_028986,1.0,GCA_900169695,2,0.9942042231559753
NC_028986,1.0,GCA_000461495,2,0.9992260932922363
NC_028987,1.0,GCA_002877935,3,0.9995455145835876
NC_028987,1.0,GCA_000878525,3,0.9999890327453613
NC_028987,1.0,GCA_000877495,3,0.6520458459854126
NC_028988,1.0,GCA_001886915,3,0.9728925228118896
NC_028988,1.0,GCA_000387605,2,0.6520466804504395
NC_028988,1.0,GCA_000287475,2,0.9861565828323364
NC_028990,1.0,GCA_001904725,3,0.9999865293502808
NC_028990,1.0,GCA_001908375,3,0.9998775720596313
NC_028990,1.0,GCA_000308175,2,0.9989734888076782
NC_028991,1.0,GCA_002911955,3,0.9999890327453613
NC_028991,1.0,GCA_000816125,2,0.9998775720596313
NC_028991,1.0,GCA_900113495,2,0.9996596574783325
NC_028992,1.0,GCA_000021305,2,0.9999890327453613
NC_028992,1.0,GCA_000326305,2,0.9992260932922363
NC_028992,1.0,GCA_000221125,2,0.9998563528060913
NC_028995,1.0,GCA_000358395,2,0.9992260932922363
NC_028995,1.0,GCA_000252875,2,0.9050883650779724
NC_028995,1.0,GCA_001753225,2,0.999859094619751
NC_028997,1.0,GCA_000972195,3,0.9989734888076782
NC_028997,1.0,GCA_000973605,3,0.9999890327453613
NC_028997,1.0,GCA_900478215,2,0.9050883650779724
NC_028998,1.0,GCA_000986655,3,0.9999890327453613
NC_028998,1.0,GCA_000987095,3,0.9999291896820068
NC_028998,1.0,GCA_000387605,2,0.6520466804504395
NC_028999,1.0,GCA_002993285,3,0.9988412261009216
NC_028999,1.0,GCA_000698655,2,0.9050883650779724
NC_028999,1.0,GCA_002092565,2,0.9728925228118896
NC_029000,1.0,GCA_000009565,4,0.9992260932922363
NC_029000,1.0,GCA_000009125,4,0.7076537013053894
NC_029000,1.0,GCA_000007625,4,0.9999291896820068
NC_029002,1.0,GCA_000021305,4,0.9999890327453613
NC_029002,1.0,GCA_000025825,4,0.9999890327453613
NC_029002,1.0,GCA_000022425,4,0.9711077213287354
NC_029003,1.0,GCA_000735125,3,0.9989965558052063
NC_029003,1.0,GCA_000021305,3,0.9999890327453613
NC_029003,1.0,GCA_000330065,3,0.9050880670547485
NC_029004,1.0,GCA_000240075,3,0.9999934434890747
NC_029004,1.0,GCA_000144855,3,0.9998563528060913
NC_029004,1.0,GCA_000648115,3,0.6508982181549072
NC_029006,1.0,GCA_000069965,4,0.9996596574783325
NC_029006,1.0,GCA_000063505,4,0.9999998807907104
NC_029006,1.0,GCA_000064305,4,0.9999934434890747
NC_029007,1.0,GCA_900478215,3,0.9050883650779724
NC_029007,1.0,GCA_000021305,3,0.9999890327453613
NC_029007,1.0,GCA_000177295,3,0.9999890327453613
NC_029008,1.0,GCA_000387605,3,0.6520466804504395
NC_029008,1.0,GCA_000287475,3,0.9861565828323364
NC_029008,1.0,GCA_000582615,3,0.9942042231559753
NC_029009,1.0,GCA_000092225,4,0.9933057427406311
NC_029009,1.0,GCA_000091725,4,0.9959579110145569
NC_029009,1.0,GCA_900094835,4,0.9373357892036438
NC_029010,1.0,GCA_900102845,4,0.9998563528060913
NC_029010,1.0,GCA_900105435,4,0.9988412261009216
NC_029010,1.0,GCA_900102155,4,0.9996681213378906
NC_029011,1.0,GCA_900113495,4,0.9996596574783325
NC_029011,1.0,GCA_000144855,3,0.9998563528060913
NC_029011,1.0,GCA_000816125,3,0.9998775720596313
NC_029012,1.0,GCA_000144855,3,0.9998563528060913
NC_029012,1.0,GCA_900169695,3,0.9942042231559753
NC_029012,1.0,GCA_900102845,3,0.9998563528060913
NC_029013,1.0,GCA_000144855,3,0.9998563528060913
NC_029013,1.0,GCA_000735125,3,0.9989965558052063
NC_029013,1.0,GCA_900169695,3,0.9942042231559753
NC_029014,1.0,GCA_000144855,4,0.9998563528060913
NC_029014,1.0,GCA_000145195,4,0.9998563528060913
NC_029014,1.0,GCA_000145155,4,0.9998563528060913
NC_029015,1.0,GCA_000153645,4,0.9999865293502808
NC_029015,1.0,GCA_000153605,4,0.9975205063819885
NC_029015,1.0,GCA_000155515,4,0.9929611086845398
NC_029016,1.0,GCA_900169695,4,0.9942042231559753
NC_029016,1.0,GCA_000160595,4,0.9728925228118896
NC_029016,1.0,GCA_000168335,4,0.9989734888076782
NC_029017,1.0,GCA_000177295,4,0.9999890327453613
NC_029017,1.0,GCA_000178075,4,0.9998563528060913
NC_029017,1.0,GCA_900177365,4,0.9999998807907104
NC_029018,1.0,GCA_000187665,4,0.9975205063819885
NC_029018,1.0,GCA_000188855,4,0.9992260932922363
NC_029018,1.0,GCA_000182725,4,0.9994138479232788
NC_029019,1.0,GCA_000194845,4,0.9998563528060913
NC_029019,1.0,GCA_000192435,4,0.9988412261009216
NC_029019,1.0,GCA_000194905,4,0.9998563528060913
NC_029020,1.0,GCA_000208765,4,0.9942042231559753
NC_029020,1.0,GCA_000203995,4,0.9998563528060913
NC_029020,1.0,GCA_000204925,4,0.9711077213287354
NC_029021,1.0,GCA_000217615,4,0.9998563528060913
NC_029021,1.0,GCA_000219535,4,0.9997116923332214
NC_029021,1.0,GCA_000219965,4,0.9995689988136292
NC_029022,1.0,GCA_000221125,4,0.9998563528060913
NC_029022,1.0,GCA_000225665,4,0.9998041987419128
NC_029022,1.0,GCA_000225265,4,0.9999890327453613
NC_029023,1.0,GCA_000231215,4,0.9998563528060913
NC_029023,1.0,GCA_000237765,4,0.6520466804504395
NC_029023,1.0,GCA_000237005,4,0.9997116923332214
NC_029024,1.0,GCA_000240075,4,0.9999934434890747
NC_029024,1.0,GCA_000248035,4,0.9988412261009216
NC_029024,1.0,GCA_000247435,4,0.9989734888076782
NC_029025,1.0,GCA_000252875,4,0.9050883650779724
NC_029025,1.0,GCA_000253235,4,0.9999690055847168
NC_029025,1.0,GCA_000258285,4,0.9989734888076782
NC_029026,1.0,GCA_000268005,4,0.9379351735115051
NC_029026,1.0,GCA_000263915,4,0.9992260932922363
NC_029026,1.0,GCA_000252875,3,0.9050883650779724
NC_029027,1.0,GCA_000277565,4,0.9942042231559753
NC_029027,1.0,GCA_000270085,4,0.9995784163475037
NC_029027,1.0,GCA_000276765,4,0.9992260932922363
NC_029028,1.0,GCA_000287475,4,0.9861565828323364
NC_029028,1.0,GCA_000287815,4,0.9989734888076782
NC_029028,1.0,GCA_000281555,4,0.9995689988136292
NC_029029,1.0,GCA_000290975,4,0.9999890327453613
NC_029029,1.0,GCA_000290895,4,0.9999890327453613
NC_029029,1.0,GCA_000292245,4,0.9999890327453613
NC_029030,1.0,GCA_000308175,4,0.9989734888076782
NC_029030,1.0,GCA_000303495,4,0.9992260932922363
NC_029030,1.0,GCA_000304415,4,0.9861565828323364
NC_029031,1.0,GCA_000316425,4,0.9992260932922363
NC_029031,1.0,GCA_000319615,4,0.9973093271255493
NC_029031,1.0,GCA_000316245,4,0.9995689988136292
NC_029032,1.0,GCA_000326305,4,0.9992260932922363
NC_029032,1.0,GCA_000326625,4,0.9992260932922363
NC_029032,1.0,GCA_000321665,4,0.6508982181549072
NC_029033,1.0,GCA_000330065,4,0.9050880670547485
NC_029033,1.0,GCA_000334875,4,0.9999890327453613
NC_029033,1.0,GCA_000331165,4,0.9486204385757446
NC_029042,1.0,GCA_000427275,4,0.9999865293502808
NC_029042,1.0,GCA_000423025,4,0.9988412261009216
NC_029042,1.0,GCA_000488875,3,0.9998563528060913
NC_029043,1.0,GCA_000439165,4,0.9995689988136292
NC_029043,1.0,GCA_000439875,4,0.9989734888076782
NC_029043,1.0,GCA_000488875,3,0.9998563528060913
NC_029044,1.0,GCA_000444425,4,0.9996596574783325
NC_029044,1.0,GCA_000446345,4,0.9992260932922363
NC_029044,1.0,GCA_000446525,4,0.9992260932922363
NC_029045,1.0,GCA_000459995,4,0.9992260932922363
NC_029045,1.0,GCA_000459595,4,0.9992260932922363
NC_029045,1.0,GCA_000459255,4,0.9992260932922363
NC_029046,1.0,GCA_000461495,4,0.9992260932922363
NC_029046,1.0,GCA_000461595,4,0.9992260932922363
NC_029046,1.0,GCA_000461615,4,0.9992260932922363
NC_029047,1.0,GCA_900478215,4,0.9050883650779724
NC_029047,1.0,GCA_000474575,4,0.9050883650779724
NC_029047,1.0,GCA_000477515,4,0.9929611086845398
NC_029050,1.0,GCA_000507605,4,0.9992260932922363
NC_029050,1.0,GCA_000503535,4,0.9992260932922363
NC_029050,1.0,GCA_000505425,4,0.9050883650779724
NC_029057,1.0,GCF_000570355,4,0.9999749660491943
NC_029057,1.0,GCF_000579375,4,0.9999749660491943
NC_029057,1.0,GCA_000582615,3,0.9942042231559753
NC_029058,1.0,GCA_000582615,4,0.9942042231559753
NC_029058,1.0,GCA_000583975,4,0.9989734888076782
NC_029058,1.0,GCA_000387605,3,0.6520466804504395
NC_029059,1.0,GCA_000582615,3,0.9942042231559753
NC_029059,1.0,GCA_000698655,3,0.9050883650779724
NC_029059,1.0,GCA_000565605,3,0.9379352927207947
NC_029060,1.0,GCA_000607065,4,0.9999749660491943
NC_029060,1.0,GCA_000606305,4,0.9999749660491943
NC_029060,1.0,GCA_000308175,3,0.9989734888076782
NC_029068,1.0,GCA_000387605,3,0.6520466804504395
NC_029068,1.0,GCA_000287475,3,0.9861565828323364
NC_029068,1.0,GCA_000582615,3,0.9942042231559753
NC_029071,1.0,GCA_000710145,4,0.999859094619751
NC_029071,1.0,GCF_000714065,4,0.9992260932922363
NC_029071,1.0,GCA_000710255,4,0.9999890327453613
NC_029072,1.0,GCA_000720395,4,0.9999690055847168
NC_029072,1.0,GCA_000720255,4,0.9999690055847168
NC_029072,1.0,GCA_000735125,3,0.9989965558052063
NC_029074,1.0,GCA_000749965,4,0.9893352389335632
NC_029074,1.0,GCA_000748405,4,0.9050880670547485
NC_029074,1.0,GCA_000748205,4,0.9050880670547485
NC_029075,1.0,GCA_000754405,4,0.9999934434890747
NC_029075,1.0,GCA_000754365,4,0.9999934434890747
NC_029075,1.0,GCA_000358395,3,0.9992260932922363
NC_029077,1.0,GCA_900478215,3,0.9050883650779724
NC_029077,1.0,GCA_000735125,3,0.9989965558052063
NC_029077,1.0,GCA_000177295,3,0.9999890327453613
NC_029078,1.0,GCA_000387605,3,0.6520466804504395
NC_029078,1.0,GCA_000287475,3,0.9861565828323364
NC_029078,1.0,GCA_000582615,3,0.9942042231559753
NC_029079,1.0,GCA_000735125,3,0.9989965558052063
NC_029079,1.0,GCA_000698655,3,0.9050883650779724
NC_029079,1.0,GCA_000496895,3,0.9998563528060913
NC_029080,1.0,GCA_000308175,3,0.9989734888076782
NC_029080,1.0,GCA_000816125,3,0.9998775720596313
NC_029080,1.0,GCA_900102845,3,0.9998563528060913
NC_029081,1.0,GCA_000816125,4,0.9998775720596313
NC_029081,1.0,GCA_000819525,4,0.9999865293502808
NC_029081,1.0,GCA_000815925,4,0.9379350543022156
NC_029083,1.0,GCA_000816125,3,0.9998775720596313
NC_029083,1.0,GCA_000735125,3,0.9989965558052063
NC_029083,1.0,GCA_000330065,3,0.9050880670547485
NC_029084,1.0,GCA_000240075,3,0.9999934434890747
NC_029084,1.0,GCA_000144855,3,0.9998563528060913
NC_029084,1.0,GCA_000816125,3,0.9998775720596313
NC_029091,1.0,GCA_000816125,3,0.9998775720596313
NC_029091,1.0,GCA_900113495,3,0.9996596574783325
NC_029091,1.0,GCA_000316425,3,0.9992260932922363
NC_029092,1.0,GCA_000021305,3,0.9999890327453613
NC_029092,1.0,GCA_000326305,3,0.9992260932922363
NC_029092,1.0,GCA_000221125,3,0.9998563528060913
NC_029093,1.0,GCA_000735125,3,0.9989965558052063
NC_029093,1.0,GCA_000330065,3,0.9050880670547485
NC_029093,1.0,GCA_000231215,3,0.9998563528060913
NC_029094,1.0,GCA_000240075,3,0.9999934434890747
NC_029094,1.0,GCA_000144855,3,0.9998563528060913
NC_029094,1.0,GCA_000648115,3,0.6508982181549072
NC_029097,1.0,GCA_000972195,4,0.9989734888076782
NC_029097,1.0,GCA_000973605,4,0.9999890327453613
NC_029097,1.0,GCA_900478215,3,0.9050883650779724
NC_029098,1.0,GCA_000986655,4,0.9999890327453613
NC_029098,1.0,GCA_000987095,4,0.9999291896820068
NC_029098,1.0,GCA_000387605,3,0.6520466804504395
NC_029101,1.0,GCA_000015005,3,0.9486204385757446
NC_029101,1.0,GCA_001027105,3,0.9999749660491943
NC_029101,1.0,GCA_001519005,3,0.9441710114479065
NC_029102,1.0,GCA_001027105,4,0.9999749660491943
NC_029102,1.0,GCA_000021305,3,0.9999890327453613
NC_029102,1.0,GCA_000025825,3,0.9999890327453613
NC_029103,1.0,GCA_001027105,3,0.9999749660491943
NC_029103,1.0,GCA_001050755,3,0.999171257019043
NC_029103,1.0,GCA_001050455,3,0.9999890327453613
NC_029104,1.0,GCA_001027105,3,0.9999749660491943
NC_029104,1.0,GCA_001050755,3,0.999171257019043
NC_029104,1.0,GCA_001443625,3,0.9999690055847168
NC_029106,1.0,GCA_001027105,3,0.9999749660491943
NC_029106,1.0,GCA_002063615,3,0.9050880670547485
NC_029106,1.0,GCA_000069965,3,0.9996596574783325
NC_029107,1.0,GCA_001027105,3,0.9999749660491943
NC_029107,1.0,GCA_002076875,3,0.9228240251541138
NC_029107,1.0,GCA_001270675,3,0.9999690055847168
NC_029118,1.0,GCA_001180325,4,1.0
NC_029118,1.0,GCA_001886915,3,0.9728925228118896
NC_029118,1.0,GCA_001582025,3,0.9486203193664551
NC_029119,1.0,GCA_001591525,3,0.9999890327453613
NC_029119,1.0,GCA_000194845,3,0.9998563528060913
NC_029119,1.0,GCA_001180325,3,1.0
NC_029120,1.0,GCA_001605745,3,0.9992260932922363
NC_029120,1.0,GCA_000208765,3,0.9942042231559753
NC_029120,1.0,GCA_000203995,3,0.9998563528060913
NC_029121,1.0,GCA_000217615,3,0.9998563528060913
NC_029121,1.0,GCA_001519005,3,0.9441710114479065
NC_029121,1.0,GCA_001298895,3,0.9991356730461121
NC_029314,1.0,GCA_000144855,3,0.9998563528060913
NC_029314,1.0,GCA_000145195,3,0.9998563528060913
NC_029314,1.0,GCA_000145155,3,0.9998563528060913
NC_029316,1.0,GCA_900169695,3,0.9942042231559753
NC_029316,1.0,GCA_000160595,3,0.9728925228118896
NC_029316,1.0,GCA_000168335,3,0.9989734888076782
NC_029548,1.0,GCA_000488875,3,0.9998563528060913
NC_029548,1.0,GCA_000480785,3,0.9989734888076782
NC_029548,1.0,GCA_000480335,3,0.9999890327453613
NC_030694,1.0,GCA_000240075,3,0.9999934434890747
NC_030694,1.0,GCA_000144855,3,0.9998563528060913
NC_030694,1.0,GCA_000648115,3,0.6508982181549072
NC_030695,1.0,GCA_000358395,3,0.9992260932922363
NC_030695,1.0,GCA_000252875,3,0.9050883650779724
NC_030695,1.0,GCA_001753225,3,0.999859094619751
NC_030696,1.0,GCA_000967115,4,0.9999291896820068
NC_030696,1.0,GCA_001969875,4,0.9999749660491943
NC_030696,1.0,GCA_000962015,4,0.9050883054733276
NC_030698,1.0,GCA_000986655,4,0.9999890327453613
NC_030698,1.0,GCA_000987095,4,0.9999291896820068
NC_030698,1.0,GCA_000387605,3,0.6520466804504395
NC_030884,1.0,GCA_000240075,3,0.9999934434890747
NC_030884,1.0,GCA_000144855,3,0.9998563528060913
NC_030884,1.0,GCA_000816125,3,0.9998775720596313
NC_030901,1.0,GCA_000015005,4,0.9486204385757446
NC_030901,1.0,GCA_000017665,4,0.9973092079162598
NC_030901,1.0,GCA_000011625,4,0.9999890327453613
NC_030902,1.0,GCA_000021305,4,0.9999890327453613
NC_030902,1.0,GCA_000025825,4,0.9999890327453613
NC_030902,1.0,GCA_001027105,4,0.9999749660491943
NC_030903,1.0,GCA_000735125,3,0.9989965558052063
NC_030903,1.0,GCA_000021305,3,0.9999890327453613
NC_030903,1.0,GCA_002092565,3,0.9728925228118896
NC_030904,1.0,GCA_000240075,3,0.9999934434890747
NC_030904,1.0,GCA_000144855,3,0.9998563528060913
NC_030904,1.0,GCA_000648115,3,0.6508982181549072
NC_030905,1.0,GCA_001050755,4,0.999171257019043
NC_030905,1.0,GCA_001050455,4,0.9999890327453613
NC_030905,1.0,GCA_000358395,3,0.9992260932922363
NC_030906,1.0,GCA_002063615,4,0.9050880670547485
NC_030906,1.0,GCA_000069965,4,0.9996596574783325
NC_030906,1.0,GCA_000063505,4,0.9999998807907104
NC_030907,1.0,GCA_002076875,4,0.9228240251541138
NC_030907,1.0,GCA_002079305,4,0.999902606010437
NC_030907,1.0,GCA_900478215,3,0.9050883650779724
NC_030908,1.0,GCA_002082155,4,0.9975205063819885
NC_030908,1.0,GCA_000387605,3,0.6520466804504395
NC_030908,1.0,GCA_000287475,3,0.9861565828323364
NC_030909,1.0,GCA_002092565,4,0.9728925228118896
NC_030909,1.0,GCA_000092225,4,0.9933057427406311
NC_030909,1.0,GCA_000091725,4,0.9959579110145569
NC_030910,1.0,GCA_900102845,4,0.9998563528060913
NC_030910,1.0,GCA_900105435,4,0.9988412261009216
NC_030910,1.0,GCA_002109645,4,0.9992260932922363
NC_030911,1.0,GCA_900113495,4,0.9996596574783325
NC_030911,1.0,GCA_003118595,4,0.9050880670547485
NC_030911,1.0,GCA_000144855,3,0.9998563528060913
NC_030912,1.0,GCA_002127815,4,0.9050880670547485
NC_030912,1.0,GCA_000144855,3,0.9998563528060913
NC_030912,1.0,GCA_900169695,3,0.9942042231559753
NC_030913,1.0,GCA_000144855,3,0.9998563528060913
NC_030913,1.0,GCA_000735125,3,0.9989965558052063
NC_030913,1.0,GCA_900169695,3,0.9942042231559753
NC_030914,1.0,GCA_000144855,4,0.9998563528060913
NC_030914,1.0,GCA_000145195,4,0.9998563528060913
NC_030914,1.0,GCA_000145155,4,0.9998563528060913
NC_030915,1.0,GCA_000153645,4,0.9999865293502808
NC_030915,1.0,GCA_000153605,4,0.9975205063819885
NC_030915,1.0,GCA_000155515,4,0.9929611086845398
NC_030916,1.0,GCA_900169695,4,0.9942042231559753
NC_030916,1.0,GCA_000160595,4,0.9728925228118896
NC_030916,1.0,GCA_000168335,4,0.9989734888076782
NC_030917,1.0,GCA_000177295,4,0.9999890327453613
NC_030917,1.0,GCA_000178075,4,0.9998563528060913
NC_030917,1.0,GCA_002170475,4,0.9995455145835876
NC_030918,1.0,GCA_001180325,4,1.0
NC_030918,1.0,GCA_000187665,4,0.9975205063819885
NC_030918,1.0,GCA_000188855,4,0.9992260932922363
NC_030919,1.0,GCA_000194845,4,0.9998563528060913
NC_030919,1.0,GCA_000192435,4,0.9988412261009216
NC_030919,1.0,GCA_000194905,4,0.9998563528060913
NC_030920,1.0,GCA_000208765,4,0.9942042231559753
NC_030920,1.0,GCA_000203995,4,0.9998563528060913
NC_030920,1.0,GCA_000204925,4,0.9711077213287354
NC_030923,1.0,GCA_000231215,4,0.9998563528060913
NC_030923,1.0,GCA_000237765,4,0.6520466804504395
NC_030923,1.0,GCA_000237005,4,0.9997116923332214
NC_030924,1.0,GCA_000240075,4,0.9999934434890747
NC_030924,1.0,GCA_000248035,4,0.9988412261009216
NC_030924,1.0,GCA_000247435,4,0.9989734888076782
NC_030925,1.0,GCA_000252875,4,0.9050883650779724
NC_030925,1.0,GCA_000253235,4,0.9999690055847168
NC_030925,1.0,GCA_002259955,4,0.9997116923332214
NC_030929,1.0,GCA_001298895,4,0.9991356730461121
NC_030929,1.0,GCA_001299235,4,0.9991356730461121
NC_030929,1.0,GCA_001298795,4,0.9991356730461121
NC_030930,1.0,GCA_000308175,4,0.9989734888076782
NC_030930,1.0,GCA_000303495,4,0.9992260932922363
NC_030930,1.0,GCA_000304415,4,0.9861565828323364
NC_030931,1.0,GCA_000316425,4,0.9992260932922363
NC_030931,1.0,GCA_000319615,4,0.9973093271255493
NC_030931,1.0,GCA_000316245,4,0.9995689988136292
NC_030932,1.0,GCA_000326305,4,0.9992260932922363
NC_030932,1.0,GCA_000326625,4,0.9992260932922363
NC_030932,1.0,GCA_000321665,4,0.6508982181549072
NC_030933,1.0,GCA_000330065,4,0.9050880670547485
NC_030933,1.0,GCA_000334875,4,0.9999890327453613
NC_030933,1.0,GCA_000331165,4,0.9486204385757446
NC_030934,1.0,GCA_000342325,4,0.9942042231559753
NC_030934,1.0,GCA_000348545,4,0.707654595375061
NC_030934,1.0,GCA_000344135,4,0.9988412261009216
NC_030935,1.0,GCA_000358395,4,0.9992260932922363
NC_030935,1.0,GCA_000357785,4,0.9992260932922363
NC_030935,1.0,GCA_000351145,4,0.9992260932922363
NC_030936,1.0,GCA_000367605,4,0.99017733335495
NC_030936,1.0,GCA_000363625,4,0.9999749660491943
NC_030936,1.0,GCA_000367625,4,0.99017733335495
NC_030939,1.0,GCA_000394875,4,0.6508982181549072
NC_030939,1.0,GCA_000391125,4,0.6508982181549072
NC_030939,1.0,GCA_000390525,4,0.6508978009223938
NC_030940,1.0,GCA_000409065,4,0.9995689988136292
NC_030940,1.0,GCA_000401995,4,0.999171257019043
NC_030940,1.0,GCA_000409855,4,0.9929611086845398
NC_030941,1.0,GCA_000416925,4,0.9989734888076782
NC_030941,1.0,GCA_000417445,4,0.9995689988136292
NC_030941,1.0,GCA_000410115,4,0.9929611086845398
NC_030942,1.0,GCA_000427275,4,0.9999865293502808
NC_030942,1.0,GCA_000423025,4,0.9988412261009216
NC_030942,1.0,GCA_001427665,4,0.9999451637268066
NC_030943,1.0,GCA_000439165,4,0.9995689988136292
NC_030943,1.0,GCA_000439875,4,0.9989734888076782
NC_030943,1.0,GCA_000488875,3,0.9998563528060913
NC_030944,1.0,GCA_000444425,4,0.9996596574783325
NC_030944,1.0,GCA_000446345,4,0.9992260932922363
NC_030944,1.0,GCA_000446525,4,0.9992260932922363
NC_030945,1.0,GCA_000459995,4,0.9992260932922363
NC_030945,1.0,GCA_001457595,4,0.9486204385757446
NC_030945,1.0,GCA_000459595,4,0.9992260932922363
NC_030946,1.0,GCA_000461495,4,0.9992260932922363
NC_030946,1.0,GCA_000461595,4,0.9992260932922363
NC_030946,1.0,GCA_000461615,4,0.9992260932922363
NC_030947,1.0,GCA_900478215,4,0.9050883650779724
NC_030947,1.0,GCA_000474575,4,0.9050883650779724
NC_030947,1.0,GCA_000477515,4,0.9929611086845398
NC_030949,1.0,GCA_000496895,4,0.9998563528060913
NC_030949,1.0,GCA_000496915,4,0.9998563528060913
NC_030949,1.0,GCA_000496435,4,0.9929611086845398
NC_030950,1.0,GCA_000507605,4,0.9992260932922363
NC_030950,1.0,GCA_000503535,4,0.9992260932922363
NC_030950,1.0,GCA_000505425,4,0.9050883650779724
NC_030951,1.0,GCA_000511425,4,0.9992260932922363
NC_030951,1.0,GCA_001519005,4,0.9441710114479065
NC_030951,1.0,GCA_000511115,4,0.9975205063819885
NC_030953,1.0,GCA_000534095,4,0.9995689988136292
NC_030953,1.0,GCA_000534135,4,0.9995689988136292
NC_030953,1.0,GCA_000530375,4,0.9999890327453613
NC_031001,1.0,GCA_000015005,4,0.9486204385757446
NC_031001,1.0,GCA_000017665,4,0.9973092079162598
NC_031001,1.0,GCA_000011625,4,0.9999890327453613
NC_031002,1.0,GCA_000021305,4,0.9999890327453613
NC_031002,1.0,GCA_000025825,4,0.9999890327453613
NC_031002,1.0,GCA_000022425,4,0.9711077213287354
NC_031003,1.0,GCA_000735125,3,0.9989965558052063
NC_031003,1.0,GCA_000021305,3,0.9999890327453613
NC_031003,1.0,GCA_000330065,3,0.9050880670547485
NC_031004,1.0,GCA_000240075,3,0.9999934434890747
NC_031004,1.0,GCA_000144855,3,0.9998563528060913
NC_031004,1.0,GCA_000648115,3,0.6508982181549072
NC_031005,1.0,GCA_000358395,3,0.9992260932922363
NC_031005,1.0,GCA_000252875,3,0.9050883650779724
NC_031005,1.0,GCA_000021305,3,0.9999890327453613
NC_031006,1.0,GCA_000069965,4,0.9996596574783325
NC_031006,1.0,GCA_000063505,4,0.9999998807907104
NC_031006,1.0,GCA_000064305,4,0.9999934434890747
NC_031007,1.0,GCA_900478215,3,0.9050883650779724
NC_031007,1.0,GCA_000021305,3,0.9999890327453613
NC_031007,1.0,GCA_000177295,3,0.9999890327453613
NC_031008,1.0,GCA_000387605,3,0.6520466804504395
NC_031008,1.0,GCA_000287475,3,0.9861565828323364
NC_031008,1.0,GCA_000582615,3,0.9942042231559753
NC_031009,1.0,GCA_000092225,4,0.9933057427406311
NC_031009,1.0,GCA_000091725,4,0.9959579110145569
NC_031009,1.0,GCA_900094835,4,0.9373357892036438
NC_031010,1.0,GCA_900102845,4,0.9998563528060913
NC_031010,1.0,GCA_900105435,4,0.9988412261009216
NC_031010,1.0,GCA_900102155,4,0.9996681213378906
NC_031011,1.0,GCA_900113495,4,0.9996596574783325
NC_031011,1.0,GCA_000144855,3,0.9998563528060913
NC_031011,1.0,GCA_000816125,3,0.9998775720596313
NC_031012,1.0,GCA_000144855,3,0.9998563528060913
NC_031012,1.0,GCA_900169695,3,0.9942042231559753
NC_031012,1.0,GCA_900102845,3,0.9998563528060913
NC_031013,1.0,GCA_000144855,3,0.9998563528060913
NC_031013,1.0,GCA_000735125,3,0.9989965558052063
NC_031013,1.0,GCA_900169695,3,0.9942042231559753
NC_031014,1.0,GCA_000144855,4,0.9998563528060913
NC_031014,1.0,GCA_000145195,4,0.9998563528060913
NC_031014,1.0,GCA_000145155,4,0.9998563528060913
NC_031015,1.0,GCA_000153645,4,0.9999865293502808
NC_031015,1.0,GCA_000153605,4,0.9975205063819885
NC_031015,1.0,GCA_000155515,4,0.9929611086845398
NC_031016,1.0,GCA_900169695,4,0.9942042231559753
NC_031016,1.0,GCA_000160595,4,0.9728925228118896
NC_031016,1.0,GCA_000168335,4,0.9989734888076782
NC_031017,1.0,GCA_000177295,4,0.9999890327453613
NC_031017,1.0,GCA_000178075,4,0.9998563528060913
NC_031017,1.0,GCA_900177365,4,0.9999998807907104
NC_031018,1.0,GCA_000187665,4,0.9975205063819885
NC_031018,1.0,GCA_000188855,4,0.9992260932922363
NC_031018,1.0,GCA_000182725,4,0.9994138479232788
NC_031019,1.0,GCA_000194845,4,0.9998563528060913
NC_031019,1.0,GCA_000192435,4,0.9988412261009216
NC_031019,1.0,GCA_000194905,4,0.9998563528060913
NC_031020,1.0,GCA_000208765,4,0.9942042231559753
NC_031020,1.0,GCA_000203995,4,0.9998563528060913
NC_031020,1.0,GCA_000204925,4,0.9711077213287354
NC_031021,1.0,GCA_000217615,4,0.9998563528060913
NC_031021,1.0,GCA_000219535,4,0.9997116923332214
NC_031021,1.0,GCA_000219965,4,0.9995689988136292
NC_031022,1.0,GCA_000221125,4,0.9998563528060913
NC_031022,1.0,GCA_000225665,4,0.9998041987419128
NC_031022,1.0,GCA_000225265,4,0.9999890327453613
NC_031023,1.0,GCA_000231215,4,0.9998563528060913
NC_031023,1.0,GCA_000237765,4,0.6520466804504395
NC_031023,1.0,GCA_000237005,4,0.9997116923332214
NC_031024,1.0,GCA_000240075,4,0.9999934434890747
NC_031024,1.0,GCA_000248035,4,0.9988412261009216
NC_031024,1.0,GCA_000247435,4,0.9989734888076782
NC_031025,1.0,GCA_000252875,4,0.9050883650779724
NC_031025,1.0,GCA_000253235,4,0.9999690055847168
NC_031025,1.0,GCA_000258285,4,0.9989734888076782
NC_031026,1.0,GCA_000268005,4,0.9379351735115051
NC_031026,1.0,GCA_000263915,4,0.9992260932922363
NC_031026,1.0,GCA_000252875,3,0.9050883650779724
NC_031027,1.0,GCA_000277565,4,0.9942042231559753
NC_031027,1.0,GCA_000270085,4,0.9995784163475037
NC_031027,1.0,GCA_000276765,4,0.9992260932922363
NC_031028,1.0,GCA_000287475,4,0.9861565828323364
NC_031028,1.0,GCA_000287815,4,0.9989734888076782
NC_031028,1.0,GCA_000281555,4,0.9995689988136292
NC_031029,1.0,GCA_000290975,4,0.9999890327453613
NC_031029,1.0,GCA_000290895,4,0.9999890327453613
NC_031029,1.0,GCA_000292245,4,0.9999890327453613
NC_031030,1.0,GCA_000308175,4,0.9989734888076782
NC_031030,1.0,GCA_000303495,4,0.9992260932922363
NC_031030,1.0,GCA_000304415,4,0.9861565828323364
NC_031031,1.0,GCA_000316425,4,0.9992260932922363
NC_031031,1.0,GCA_000319615,4,0.9973093271255493
NC_031031,1.0,GCA_000316245,4,0.9995689988136292
NC_031034,1.0,GCA_000342325,4,0.9942042231559753
NC_031034,1.0,GCA_000348545,4,0.707654595375061
NC_031034,1.0,GCA_000344135,4,0.9988412261009216
NC_031035,1.0,GCA_000358395,4,0.9992260932922363
NC_031035,1.0,GCA_000357785,4,0.9992260932922363
NC_031035,1.0,GCA_000351145,4,0.9992260932922363
NC_031036,1.0,GCA_000367605,4,0.99017733335495
NC_031036,1.0,GCA_000363625,4,0.9999749660491943
NC_031036,1.0,GCA_000367625,4,0.99017733335495
NC_031037,1.0,GCA_000375585,4,0.9861565828323364
NC_031037,1.0,GCA_000374385,4,0.9997116923332214
NC_031037,1.0,GCA_000358395,3,0.9992260932922363
NC_031039,1.0,GCA_000394875,4,0.6508982181549072
NC_031039,1.0,GCA_000391125,4,0.6508982181549072
NC_031039,1.0,GCA_000390525,4,0.6508978009223938
NC_031040,1.0,GCA_000409065,4,0.9995689988136292
NC_031040,1.0,GCA_000401995,4,0.999171257019043
NC_031040,1.0,GCA_000409855,4,0.9929611086845398
NC_031041,1.0,GCA_000416925,4,0.9989734888076782
NC_031041,1.0,GCA_000417445,4,0.9995689988136292
NC_031041,1.0,GCA_000410115,4,0.9929611086845398
NC_031042,1.0,GCA_000427275,4,0.9999865293502808
NC_031042,1.0,GCA_000423025,4,0.9988412261009216
NC_031042,1.0,GCA_000488875,3,0.9998563528060913
NC_031043,1.0,GCA_000439165,4,0.9995689988136292
NC_031043,1.0,GCA_000439875,4,0.9989734888076782
NC_031043,1.0,GCA_000488875,3,0.9998563528060913
NC_031044,1.0,GCA_000444425,4,0.9996596574783325
NC_031044,1.0,GCA_000446345,4,0.9992260932922363
NC_031044,1.0,GCA_000446525,4,0.9992260932922363
NC_031045,1.0,GCA_000459995,4,0.9992260932922363
NC_031045,1.0,GCA_000459595,4,0.9992260932922363
NC_031045,1.0,GCA_000459255,4,0.9992260932922363
NC_031046,1.0,GCA_000461495,4,0.9992260932922363
NC_031046,1.0,GCA_000461595,4,0.9992260932922363
NC_031046,1.0,GCA_000461615,4,0.9992260932922363
NC_031047,1.0,GCA_900478215,4,0.9050883650779724
NC_031047,1.0,GCA_000474575,4,0.9050883650779724
NC_031047,1.0,GCA_000477515,4,0.9929611086845398
NC_031049,1.0,GCA_000496895,4,0.9998563528060913
NC_031049,1.0,GCA_000496915,4,0.9998563528060913
NC_031049,1.0,GCA_000496435,4,0.9929611086845398
NC_031050,1.0,GCA_000507605,4,0.9992260932922363
NC_031050,1.0,GCA_000503535,4,0.9992260932922363
NC_031050,1.0,GCA_000505425,4,0.9050883650779724
NC_031051,1.0,GCA_000511425,4,0.9992260932922363
NC_031051,1.0,GCA_000511115,4,0.9975205063819885
NC_031051,1.0,GCA_000511405,4,0.9975205063819885
NC_031052,1.0,GCA_000528235,4,0.9999749660491943
NC_031052,1.0,GCA_000521845,4,0.9486204385757446
NC_031052,1.0,GCA_000520455,4,0.9989734888076782
NC_031053,1.0,GCA_000534095,4,0.9995689988136292
NC_031053,1.0,GCA_000534135,4,0.9995689988136292
NC_031053,1.0,GCA_000530375,4,0.9999890327453613
NC_031054,1.0,GCA_000543585,4,0.9999749660491943
NC_031054,1.0,GCA_000240075,3,0.9999934434890747
NC_031054,1.0,GCA_000582615,3,0.9942042231559753
NC_031055,1.0,GCA_000558265,4,0.9999749660491943
NC_031055,1.0,GCA_000358395,3,0.9992260932922363
NC_031055,1.0,GCA_000252875,3,0.9050883650779724
NC_031056,1.0,GCA_000565605,4,0.9379352927207947
NC_031056,1.0,GCA_000564835,4,0.9992260932922363
NC_031056,1.0,GCA_000566485,4,0.9379351735115051
NC_031059,1.0,GCA_000582615,3,0.9942042231559753
NC_031059,1.0,GCA_000698655,3,0.9050883650779724
NC_031059,1.0,GCA_000565605,3,0.9379352927207947
NC_031060,1.0,GCA_000607065,4,0.9999749660491943
NC_031060,1.0,GCA_000606305,4,0.9999749660491943
NC_031060,1.0,GCA_000308175,3,0.9989734888076782
NC_031061,1.0,GCF_000615605,4,0.9992260932922363
NC_031061,1.0,GCA_000610525,4,0.9999749660491943
NC_031061,1.0,GCA_000611735,4,0.93276047706604
NC_031064,1.0,GCA_000648115,4,0.6508982181549072
NC_031064,1.0,GCA_000647615,4,0.9989734888076782
NC_031064,1.0,GCA_000640795,4,0.9999749660491943
NC_031065,1.0,GCA_000358395,3,0.9992260932922363
NC_031065,1.0,GCA_000252875,3,0.9050883650779724
NC_031065,1.0,GCA_000698655,3,0.9050883650779724
NC_031066,1.0,GCA_000698655,3,0.9050883650779724
NC_031066,1.0,GCA_900169695,3,0.9942042231559753
NC_031066,1.0,GCA_000648115,3,0.6508982181549072
NC_031067,1.0,GCA_900478215,3,0.9050883650779724
NC_031067,1.0,GCA_000698655,3,0.9050883650779724
NC_031067,1.0,GCA_000648115,3,0.6508982181549072
NC_031069,1.0,GCA_000698655,4,0.9050883650779724
NC_031069,1.0,GCF_000699385,4,0.9992260932922363
NC_031069,1.0,GCA_000692475,4,0.9992260932922363
NC_031070,1.0,GCA_000709495,4,0.9998563528060913
NC_031070,1.0,GCF_000704105,4,0.9992260932922363
NC_031070,1.0,GCF_000700445,4,0.9992260932922363
NC_031071,1.0,GCA_000710145,4,0.999859094619751
NC_031071,1.0,GCF_000714065,4,0.9992260932922363
NC_031071,1.0,GCA_000710255,4,0.9999890327453613
NC_031072,1.0,GCA_000720395,4,0.9999690055847168
NC_031072,1.0,GCA_000720255,4,0.9999690055847168
NC_031072,1.0,GCA_000735125,3,0.9989965558052063
NC_031073,1.0,GCA_000735125,4,0.9989965558052063
NC_031073,1.0,GCA_000735055,4,0.9998563528060913
NC_031073,1.0,GCA_000330065,3,0.9050880670547485
NC_031074,1.0,GCA_000749965,4,0.9893352389335632
NC_031074,1.0,GCA_000748405,4,0.9050880670547485
NC_031074,1.0,GCA_000748205,4,0.9050880670547485
NC_031075,1.0,GCA_000754405,4,0.9999934434890747
NC_031075,1.0,GCA_000754365,4,0.9999934434890747
NC_031075,1.0,GCA_000358395,3,0.9992260932922363
NC_031076,1.0,GCA_000760095,4,1.0
NC_031076,1.0,GCA_000762315,4,0.9999291896820068
NC_031076,1.0,GCA_000735125,3,0.9989965558052063
NC_031078,1.0,GCA_000387605,3,0.6520466804504395
NC_031078,1.0,GCA_000287475,3,0.9861565828323364
NC_031078,1.0,GCA_000582615,3,0.9942042231559753
NC_031080,1.0,GCA_000308175,3,0.9989734888076782
NC_031080,1.0,GCA_000816125,3,0.9998775720596313
NC_031080,1.0,GCA_900102845,3,0.9998563528060913
NC_031081,1.0,GCA_000816125,4,0.9998775720596313
NC_031081,1.0,GCA_000819525,4,0.9999865293502808
NC_031081,1.0,GCA_000815925,4,0.9379350543022156
NC_031082,1.0,GCA_000827775,4,0.9995689988136292
NC_031082,1.0,GCA_000816125,3,0.9998775720596313
NC_031082,1.0,GCA_000021305,3,0.9999890327453613
NC_031084,1.0,GCA_000240075,3,0.9999934434890747
NC_031084,1.0,GCA_000144855,3,0.9998563528060913
NC_031084,1.0,GCA_000816125,3,0.9998775720596313
NC_031085,1.0,GCA_000358395,3,0.9992260932922363
NC_031085,1.0,GCA_000252875,3,0.9050883650779724
NC_031085,1.0,GCA_000816125,3,0.9998775720596313
NC_031086,1.0,GCA_000816125,3,0.9998775720596313
NC_031086,1.0,GCA_900169695,3,0.9942042231559753
NC_031086,1.0,GCA_000461495,3,0.9992260932922363
NC_031087,1.0,GCA_000878525,4,0.9999890327453613
NC_031087,1.0,GCA_000877495,4,0.6520458459854126
NC_031087,1.0,GCA_000816125,3,0.9998775720596313
NC_031090,1.0,GCA_000308175,3,0.9989734888076782
NC_031090,1.0,GCA_900102845,3,0.9998563528060913
NC_031090,1.0,GCA_000208765,3,0.9942042231559753
NC_031091,1.0,GCA_000816125,3,0.9998775720596313
NC_031091,1.0,GCA_900113495,3,0.9996596574783325
NC_031091,1.0,GCA_000316425,3,0.9992260932922363
NC_031092,1.0,GCA_000021305,3,0.9999890327453613
NC_031092,1.0,GCA_000326305,3,0.9992260932922363
NC_031092,1.0,GCA_000221125,3,0.9998563528060913
NC_031094,1.0,GCA_000240075,3,0.9999934434890747
NC_031094,1.0,GCA_000144855,3,0.9998563528060913
NC_031094,1.0,GCA_000648115,3,0.6508982181549072
NC_031095,1.0,GCA_000358395,3,0.9992260932922363
NC_031095,1.0,GCA_000252875,3,0.9050883650779724
NC_031095,1.0,GCA_000459995,3,0.9992260932922363
NC_031096,1.0,GCA_000967115,4,0.9999291896820068
NC_031096,1.0,GCA_000962015,4,0.9050883054733276
NC_031096,1.0,GCA_000962685,4,0.9050880670547485
NC_031097,1.0,GCA_000972195,4,0.9989734888076782
NC_031097,1.0,GCA_000973605,4,0.9999890327453613
NC_031097,1.0,GCA_900478215,3,0.9050883650779724
NC_031098,1.0,GCA_000986655,4,0.9999890327453613
NC_031098,1.0,GCA_000987095,4,0.9999291896820068
NC_031098,1.0,GCA_000387605,3,0.6520466804504395
NC_031099,1.0,GCA_000698655,3,0.9050883650779724
NC_031099,1.0,GCA_000496895,3,0.9998563528060913
NC_031099,1.0,GCA_000194845,3,0.9998563528060913
NC_031100,1.0,GCA_001605745,3,0.9992260932922363
NC_031100,1.0,GCA_001027105,3,0.9999749660491943
NC_031100,1.0,GCA_001050755,3,0.999171257019043
NC_031101,1.0,GCA_000015005,3,0.9486204385757446
NC_031101,1.0,GCA_001027105,3,0.9999749660491943
NC_031101,1.0,GCA_001519005,3,0.9441710114479065
NC_031102,1.0,GCA_001027105,4,0.9999749660491943
NC_031102,1.0,GCA_000021305,3,0.9999890327453613
NC_031102,1.0,GCA_000025825,3,0.9999890327453613
NC_031103,1.0,GCA_001027105,3,0.9999749660491943
NC_031103,1.0,GCA_001050755,3,0.999171257019043
NC_031103,1.0,GCA_001050455,3,0.9999890327453613
NC_031104,1.0,GCA_001027105,3,0.9999749660491943
NC_031104,1.0,GCA_001050755,3,0.999171257019043
NC_031104,1.0,GCA_001443625,3,0.9999690055847168
NC_031107,1.0,GCA_001027105,3,0.9999749660491943
NC_031107,1.0,GCA_002076875,3,0.9228240251541138
NC_031107,1.0,GCA_001270675,3,0.9999690055847168
NC_031108,1.0,GCA_001886915,3,0.9728925228118896
NC_031108,1.0,GCA_001027105,3,0.9999749660491943
NC_031108,1.0,GCA_001582025,3,0.9486203193664551
NC_031109,1.0,GCA_002092565,3,0.9728925228118896
NC_031109,1.0,GCA_001591525,3,0.9999890327453613
NC_031109,1.0,GCA_001027105,3,0.9999749660491943
NC_031110,1.0,GCA_001605745,3,0.9992260932922363
NC_031110,1.0,GCA_900102845,3,0.9998563528060913
NC_031110,1.0,GCA_001180325,3,1.0
NC_031112,1.0,GCA_001027105,3,0.9999749660491943
NC_031112,1.0,GCA_001180325,3,1.0
NC_031112,1.0,GCA_001427665,3,0.9999451637268066
NC_031113,1.0,GCA_001180325,3,1.0
NC_031113,1.0,GCA_000144855,2,0.9998563528060913
NC_031113,1.0,GCA_000735125,2,0.9989965558052063
NC_031114,1.0,GCA_000144855,3,0.9998563528060913
NC_031114,1.0,GCA_000145195,3,0.9998563528060913
NC_031114,1.0,GCA_000145155,3,0.9998563528060913
NC_031115,1.0,GCA_001753225,3,0.999859094619751
NC_031115,1.0,GCA_001457595,3,0.9486204385757446
NC_031115,1.0,GCA_001180325,3,1.0
NC_031116,1.0,GCA_900169695,3,0.9942042231559753
NC_031116,1.0,GCA_000160595,3,0.9728925228118896
NC_031116,1.0,GCA_000168335,3,0.9989734888076782
NC_031117,1.0,GCA_000177295,3,0.9999890327453613
NC_031117,1.0,GCA_001180325,3,1.0
NC_031117,1.0,GCA_001270675,3,0.9999690055847168
NC_031118,1.0,GCA_001180325,4,1.0
NC_031118,1.0,GCA_001886915,3,0.9728925228118896
NC_031118,1.0,GCA_001582025,3,0.9486203193664551
NC_031119,1.0,GCA_001591525,3,0.9999890327453613
NC_031119,1.0,GCA_000194845,3,0.9998563528060913
NC_031119,1.0,GCA_001180325,3,1.0
NC_031120,1.0,GCA_001605745,3,0.9992260932922363
NC_031120,1.0,GCA_000208765,3,0.9942042231559753
NC_031120,1.0,GCA_000203995,3,0.9998563528060913
NC_031121,1.0,GCA_000217615,3,0.9998563528060913
NC_031121,1.0,GCA_001519005,3,0.9441710114479065
NC_031121,1.0,GCA_001298895,3,0.9991356730461121
NC_031122,1.0,GCA_000221125,3,0.9998563528060913
NC_031122,1.0,GCA_001027105,3,0.9999749660491943
NC_031122,1.0,GCA_000225665,3,0.9998041987419128
NC_031123,1.0,GCA_000231215,3,0.9998563528060913
NC_031123,1.0,GCA_000237765,3,0.6520466804504395
NC_031123,1.0,GCA_000237005,3,0.9997116923332214
NC_031124,1.0,GCA_000240075,3,0.9999934434890747
NC_031124,1.0,GCA_000248035,3,0.9988412261009216
NC_031124,1.0,GCA_000247435,3,0.9989734888076782
NC_031125,1.0,GCA_000252875,3,0.9050883650779724
NC_031125,1.0,GCA_001753225,3,0.999859094619751
NC_031125,1.0,GCA_001457595,3,0.9486204385757446
NC_031126,1.0,GCA_000268005,3,0.9379351735115051
NC_031126,1.0,GCA_002265965,3,0.9050880670547485
NC_031126,1.0,GCA_001298895,3,0.9991356730461121
NC_031127,1.0,GCA_001270675,4,0.9999690055847168
NC_031127,1.0,GCA_000277565,3,0.9942042231559753
NC_031127,1.0,GCA_001298895,3,0.9991356730461121
NC_031128,1.0,GCA_000287475,3,0.9861565828323364
NC_031128,1.0,GCA_000287815,3,0.9989734888076782
NC_031128,1.0,GCA_001886915,3,0.9728925228118896
NC_031129,1.0,GCA_001298895,4,0.9991356730461121
NC_031129,1.0,GCA_001299235,4,0.9991356730461121
NC_031129,1.0,GCA_001298795,4,0.9991356730461121
NC_031224,1.0,GCA_002242445,4,0.9050883650779724
NC_031224,1.0,GCA_000240075,3,0.9999934434890747
NC_031224,1.0,GCA_000248035,3,0.9988412261009216
NC_031226,1.0,GCA_002265965,4,0.9050880670547485
NC_031226,1.0,GCA_000268005,3,0.9379351735115051
NC_031226,1.0,GCA_002063615,3,0.9050880670547485
NC_031228,1.0,GCA_000287475,3,0.9861565828323364
NC_031228,1.0,GCA_000287815,3,0.9989734888076782
NC_031228,1.0,GCA_000281555,3,0.9995689988136292
NC_031229,1.0,GCA_002092565,3,0.9728925228118896
NC_031229,1.0,GCA_002265965,3,0.9050880670547485
NC_031229,1.0,GCA_001298895,3,0.9991356730461121
NC_031230,1.0,GCA_000308175,3,0.9989734888076782
NC_031230,1.0,GCA_000303495,3,0.9992260932922363
NC_031230,1.0,GCA_002109645,3,0.9992260932922363
NC_031231,1.0,GCA_000316425,3,0.9992260932922363
NC_031231,1.0,GCA_000319615,3,0.9973093271255493
NC_031231,1.0,GCA_000316245,3,0.9995689988136292
NC_031233,1.0,GCA_000330065,3,0.9050880670547485
NC_031233,1.0,GCA_000334875,3,0.9999890327453613
NC_031233,1.0,GCA_000331165,3,0.9486204385757446
NC_031234,1.0,GCA_000342325,3,0.9942042231559753
NC_031234,1.0,GCA_002147835,3,0.9999890327453613
NC_031234,1.0,GCA_002147055,3,0.9999890327453613
NC_031235,1.0,GCA_000358395,3,0.9992260932922363
NC_031235,1.0,GCA_000357785,3,0.9992260932922363
NC_031235,1.0,GCA_000351145,3,0.9992260932922363
NC_031237,1.0,GCA_002877935,3,0.9995455145835876
NC_031237,1.0,GCA_000375585,3,0.9861565828323364
NC_031237,1.0,GCA_002076875,3,0.9228240251541138
NC_031238,1.0,GCA_000387605,3,0.6520466804504395
NC_031238,1.0,GCA_000387705,3,0.6520458459854126
NC_031238,1.0,GCA_002082155,3,0.9975205063819885
NC_031239,1.0,GCA_002092565,3,0.9728925228118896
NC_031239,1.0,GCA_000394875,3,0.6508982181549072
NC_031239,1.0,GCA_000391125,3,0.6508982181549072
NC_031241,1.0,GCA_000416925,3,0.9989734888076782
NC_031241,1.0,GCA_000417445,3,0.9995689988136292
NC_031241,1.0,GCA_000410115,3,0.9929611086845398
NC_031242,1.0,GCA_000427275,3,0.9999865293502808
NC_031242,1.0,GCA_000423025,3,0.9988412261009216
NC_031242,1.0,GCA_001427665,3,0.9999451637268066
NC_031243,1.0,GCA_000439165,3,0.9995689988136292
NC_031243,1.0,GCA_000439875,3,0.9989734888076782
NC_031243,1.0,GCA_002407085,3,0.9997435212135315
NC_031245,1.0,GCA_000459995,3,0.9992260932922363
NC_031245,1.0,GCA_001457595,3,0.9486204385757446
NC_031245,1.0,GCA_002259955,3,0.9997116923332214
NC_031246,1.0,GCA_000461495,3,0.9992260932922363
NC_031246,1.0,GCA_000461595,3,0.9992260932922363
NC_031246,1.0,GCA_002063615,3,0.9050880670547485
NC_031247,1.0,GCA_900478215,3,0.9050883650779724
NC_031247,1.0,GCA_002877935,3,0.9995455145835876
NC_031247,1.0,GCA_002076875,3,0.9228240251541138
NC_031249,1.0,GCA_002092565,3,0.9728925228118896
NC_031249,1.0,GCA_000496895,3,0.9998563528060913
NC_031249,1.0,GCA_000496915,3,0.9998563528060913
NC_031250,1.0,GCA_000507605,3,0.9992260932922363
NC_031250,1.0,GCA_000503535,3,0.9992260932922363
NC_031250,1.0,GCA_000505425,3,0.9050883650779724
NC_031251,1.0,GCA_000511425,3,0.9992260932922363
NC_031251,1.0,GCA_001519005,3,0.9441710114479065
NC_031251,1.0,GCA_000511115,3,0.9975205063819885
NC_031252,1.0,GCA_000528235,3,0.9999749660491943
NC_031252,1.0,GCA_000521845,3,0.9486204385757446
NC_031252,1.0,GCA_000520455,3,0.9989734888076782
NC_031253,1.0,GCA_000534095,3,0.9995689988136292
NC_031253,1.0,GCA_000534135,3,0.9995689988136292
NC_031253,1.0,GCA_000530375,3,0.9999890327453613
NC_031254,1.0,GCA_002147835,3,0.9999890327453613
NC_031254,1.0,GCA_000543585,3,0.9999749660491943
NC_031254,1.0,GCA_002147055,3,0.9999890327453613
NC_031255,1.0,GCA_002259955,3,0.9997116923332214
NC_031255,1.0,GCA_000558265,3,0.9999749660491943
NC_031255,1.0,GCA_000358395,2,0.9992260932922363
NC_031256,1.0,GCA_000565605,3,0.9379352927207947
NC_031256,1.0,GCA_000564835,3,0.9992260932922363
NC_031256,1.0,GCA_000566485,3,0.9379351735115051
NC_031257,1.0,GCA_002877935,3,0.9995455145835876
NC_031257,1.0,GCA_002076875,3,0.9228240251541138
NC_031257,1.0,GCF_000570355,3,0.9999749660491943
NC_031258,1.0,GCA_000582615,3,0.9942042231559753
NC_031258,1.0,GCA_001582025,3,0.9486203193664551
NC_031258,1.0,GCA_002082155,3,0.9975205063819885
NC_031260,1.0,GCA_001605745,3,0.9992260932922363
NC_031260,1.0,GCA_000607065,3,0.9999749660491943
NC_031260,1.0,GCA_002109645,3,0.9992260932922363
NC_031261,1.0,GCF_000615605,3,0.9992260932922363
NC_031261,1.0,GCA_002213865,3,0.9998888969421387
NC_031261,1.0,GCA_000610525,3,0.9999749660491943
NC_031262,1.0,GCA_000629185,3,0.9989734888076782
NC_031262,1.0,GCA_000629305,3,0.9989734888076782
NC_031262,1.0,GCA_000629405,3,0.9989734888076782
NC_031263,1.0,GCA_000633025,3,0.9995689988136292
NC_031263,1.0,GCA_000735125,2,0.9989965558052063
NC_031263,1.0,GCA_000698655,2,0.9050883650779724
NC_031264,1.0,GCA_000648115,3,0.6508982181549072
NC_031264,1.0,GCA_002147835,3,0.9999890327453613
NC_031264,1.0,GCA_000647615,3,0.9989734888076782
NC_031265,1.0,GCA_002259955,3,0.9997116923332214
NC_031265,1.0,GCA_000358395,2,0.9992260932922363
NC_031265,1.0,GCA_000252875,2,0.9050883650779724
NC_031266,1.0,GCA_002063615,3,0.9050880670547485
NC_031266,1.0,GCA_002265965,3,0.9050880670547485
NC_031266,1.0,GCA_001665905,3,0.9988412261009216
NC_031267,1.0,GCA_002877935,3,0.9995455145835876
NC_031267,1.0,GCA_002076875,3,0.9228240251541138
NC_031267,1.0,GCA_002170475,3,0.9995455145835876
NC_031269,1.0,GCA_000698655,3,0.9050883650779724
NC_031269,1.0,GCA_002092565,3,0.9728925228118896
NC_031269,1.0,GCF_000699385,3,0.9992260932922363
NC_031271,1.0,GCA_000710145,3,0.999859094619751
NC_031271,1.0,GCF_000714065,3,0.9992260932922363
NC_031271,1.0,GCA_002213865,3,0.9998888969421387
NC_031274,1.0,GCA_002147835,3,0.9999890327453613
NC_031274,1.0,GCA_002147055,3,0.9999890327453613
NC_031274,1.0,GCA_000749965,3,0.9893352389335632
NC_031277,1.0,GCA_002877935,3,0.9995455145835876
NC_031277,1.0,GCA_002076875,3,0.9228240251541138
NC_031277,1.0,GCA_002170475,3,0.9995455145835876
NC_031279,1.0,GCA_002092565,3,0.9728925228118896
NC_031279,1.0,GCA_002993285,3,0.9988412261009216
NC_031279,1.0,GCA_002760445,3,0.9999998807907104
NC_031280,1.0,GCA_002877935,3,0.9995455145835876
NC_031280,1.0,GCA_002109645,3,0.9992260932922363
NC_031280,1.0,GCA_002202315,3,0.9999661445617676
NC_031281,1.0,GCA_000816125,3,0.9998775720596313
NC_031281,1.0,GCA_002877935,3,0.9995455145835876
NC_031281,1.0,GCA_002213865,3,0.9998888969421387
NC_031900,1.0,GCA_000009565,3,0.9992260932922363
NC_031900,1.0,GCA_000009125,3,0.7076537013053894
NC_031900,1.0,GCA_000007625,3,0.9999291896820068
NC_031901,1.0,GCA_000015005,3,0.9486204385757446
NC_031901,1.0,GCA_000017665,3,0.9973092079162598
NC_031901,1.0,GCA_000011625,3,0.9999890327453613
NC_031902,1.0,GCA_000021305,3,0.9999890327453613
NC_031902,1.0,GCA_000025825,3,0.9999890327453613
NC_031902,1.0,GCA_001027105,3,0.9999749660491943
NC_031903,1.0,GCA_000735125,2,0.9989965558052063
NC_031903,1.0,GCA_000021305,2,0.9999890327453613
NC_031903,1.0,GCA_002092565,2,0.9728925228118896
NC_031904,1.0,GCA_000240075,2,0.9999934434890747
NC_031904,1.0,GCA_000144855,2,0.9998563528060913
NC_031904,1.0,GCA_000648115,2,0.6508982181549072
NC_031905,1.0,GCA_001050755,3,0.999171257019043
NC_031905,1.0,GCA_001050455,3,0.9999890327453613
NC_031905,1.0,GCA_000358395,2,0.9992260932922363
NC_031906,1.0,GCA_002063615,3,0.9050880670547485
NC_031906,1.0,GCA_000069965,3,0.9996596574783325
NC_031906,1.0,GCA_000063505,3,0.9999998807907104
NC_031907,1.0,GCA_002076875,3,0.9228240251541138
NC_031907,1.0,GCA_002079305,3,0.999902606010437
NC_031907,1.0,GCA_900478215,2,0.9050883650779724
NC_031908,1.0,GCA_002082155,3,0.9975205063819885
NC_031908,1.0,GCA_000387605,2,0.6520466804504395
NC_031908,1.0,GCA_000287475,2,0.9861565828323364
NC_031909,1.0,GCA_002092565,3,0.9728925228118896
NC_031909,1.0,GCA_000092225,3,0.9933057427406311
NC_031909,1.0,GCA_000091725,3,0.9959579110145569
NC_031910,1.0,GCA_900102845,3,0.9998563528060913
NC_031910,1.0,GCA_900105435,3,0.9988412261009216
NC_031910,1.0,GCA_002109645,3,0.9992260932922363
NC_031911,1.0,GCA_900113495,3,0.9996596574783325
NC_031911,1.0,GCA_003118595,3,0.9050880670547485
NC_031911,1.0,GCA_000144855,2,0.9998563528060913
NC_031912,1.0,GCA_002127815,3,0.9050880670547485
NC_031912,1.0,GCA_000144855,2,0.9998563528060913
NC_031912,1.0,GCA_900169695,2,0.9942042231559753
NC_031913,1.0,GCA_000144855,2,0.9998563528060913
NC_031913,1.0,GCA_000735125,2,0.9989965558052063
NC_031913,1.0,GCA_900169695,2,0.9942042231559753
NC_031914,1.0,GCA_000144855,3,0.9998563528060913
NC_031914,1.0,GCA_000145195,3,0.9998563528060913
NC_031914,1.0,GCA_000145155,3,0.9998563528060913
NC_031915,1.0,GCA_000153645,3,0.9999865293502808
NC_031915,1.0,GCA_000153605,3,0.9975205063819885
NC_031915,1.0,GCA_000155515,3,0.9929611086845398
NC_031917,1.0,GCA_000177295,3,0.9999890327453613
NC_031917,1.0,GCA_000178075,3,0.9998563528060913
NC_031917,1.0,GCA_002170475,3,0.9995455145835876
NC_031918,1.0,GCA_001180325,3,1.0
NC_031918,1.0,GCA_000187665,3,0.9975205063819885
NC_031918,1.0,GCA_000188855,3,0.9992260932922363
NC_031919,1.0,GCA_000194845,3,0.9998563528060913
NC_031919,1.0,GCA_000192435,3,0.9988412261009216
NC_031919,1.0,GCA_000194905,3,0.9998563528060913
NC_031920,1.0,GCA_000208765,3,0.9942042231559753
NC_031920,1.0,GCA_000203995,3,0.9998563528060913
NC_031920,1.0,GCA_000204925,3,0.9711077213287354
NC_031921,1.0,GCA_000217615,3,0.9998563528060913
NC_031921,1.0,GCA_000219535,3,0.9997116923332214
NC_031921,1.0,GCA_000219965,3,0.9995689988136292
NC_031922,1.0,GCA_000221125,3,0.9998563528060913
NC_031922,1.0,GCA_000225665,3,0.9998041987419128
NC_031922,1.0,GCA_000225265,3,0.9999890327453613
NC_031923,1.0,GCA_000231215,3,0.9998563528060913
NC_031923,1.0,GCA_000237765,3,0.6520466804504395
NC_031923,1.0,GCA_000237005,3,0.9997116923332214
NC_031924,1.0,GCA_000240075,3,0.9999934434890747
NC_031924,1.0,GCA_000248035,3,0.9988412261009216
NC_031924,1.0,GCA_000247435,3,0.9989734888076782
NC_031925,1.0,GCA_000252875,3,0.9050883650779724
NC_031925,1.0,GCA_000253235,3,0.9999690055847168
NC_031925,1.0,GCA_002259955,3,0.9997116923332214
NC_031926,1.0,GCA_000268005,3,0.9379351735115051
NC_031926,1.0,GCA_002265965,3,0.9050880670547485
NC_031926,1.0,GCA_000263915,3,0.9992260932922363
NC_031927,1.0,GCA_000277565,3,0.9942042231559753
NC_031927,1.0,GCA_001270675,3,0.9999690055847168
NC_031927,1.0,GCA_000270085,3,0.9995784163475037
NC_031928,1.0,GCA_000287475,3,0.9861565828323364
NC_031928,1.0,GCA_000287815,3,0.9989734888076782
NC_031928,1.0,GCA_000281555,3,0.9995689988136292
NC_031929,1.0,GCA_001298895,3,0.9991356730461121
NC_031929,1.0,GCA_001299235,3,0.9991356730461121
NC_031929,1.0,GCA_001298795,3,0.9991356730461121
NC_031930,1.0,GCA_000308175,3,0.9989734888076782
NC_031930,1.0,GCA_000303495,3,0.9992260932922363
NC_031930,1.0,GCA_000304415,3,0.9861565828323364
NC_031931,1.0,GCA_000316425,3,0.9992260932922363
NC_031931,1.0,GCA_000319615,3,0.9973093271255493
NC_031931,1.0,GCA_000316245,3,0.9995689988136292
NC_031932,1.0,GCA_000326305,3,0.9992260932922363
NC_031932,1.0,GCA_000326625,3,0.9992260932922363
NC_031932,1.0,GCA_000321665,3,0.6508982181549072
NC_031934,1.0,GCA_000342325,3,0.9942042231559753
NC_031934,1.0,GCA_000348545,3,0.707654595375061
NC_031934,1.0,GCA_000344135,3,0.9988412261009216
NC_031935,1.0,GCA_000358395,3,0.9992260932922363
NC_031935,1.0,GCA_000357785,3,0.9992260932922363
NC_031935,1.0,GCA_000351145,3,0.9992260932922363
NC_031936,1.0,GCA_000367605,3,0.99017733335495
NC_031936,1.0,GCA_000363625,3,0.9999749660491943
NC_031936,1.0,GCA_000367625,3,0.99017733335495
NC_031937,1.0,GCA_000375585,3,0.9861565828323364
NC_031937,1.0,GCA_000374385,3,0.9997116923332214
NC_031937,1.0,GCA_000358395,2,0.9992260932922363
NC_031938,1.0,GCA_000387605,3,0.6520466804504395
NC_031938,1.0,GCA_000387705,3,0.6520458459854126
NC_031938,1.0,GCA_000382065,3,0.93276047706604
NC_031939,1.0,GCA_000394875,3,0.6508982181549072
NC_031939,1.0,GCA_000391125,3,0.6508982181549072
NC_031939,1.0,GCA_000390525,3,0.6508978009223938
NC_031940,1.0,GCA_000409065,3,0.9995689988136292
NC_031940,1.0,GCA_000401995,3,0.999171257019043
NC_031940,1.0,GCA_000409855,3,0.9929611086845398
NC_031941,1.0,GCA_000416925,3,0.9989734888076782
NC_031941,1.0,GCA_000417445,3,0.9995689988136292
NC_031941,1.0,GCA_000410115,3,0.9929611086845398
NC_031942,1.0,GCA_000427275,3,0.9999865293502808
NC_031942,1.0,GCA_000423025,3,0.9988412261009216
NC_031942,1.0,GCA_001427665,3,0.9999451637268066
NC_031943,1.0,GCA_000439165,3,0.9995689988136292
NC_031943,1.0,GCA_000439875,3,0.9989734888076782
NC_031943,1.0,GCA_000488875,2,0.9998563528060913
NC_031944,1.0,GCA_000444425,3,0.9996596574783325
NC_031944,1.0,GCA_000446345,3,0.9992260932922363
NC_031944,1.0,GCA_000446525,3,0.9992260932922363
NC_031945,1.0,GCA_000459995,3,0.9992260932922363
NC_031945,1.0,GCA_001457595,3,0.9486204385757446
NC_031945,1.0,GCA_000459595,3,0.9992260932922363
NC_031946,1.0,GCA_000461495,3,0.9992260932922363
NC_031946,1.0,GCA_000461595,3,0.9992260932922363
NC_031946,1.0,GCA_000461615,3,0.9992260932922363
NC_034248,1.0,GCA_000488875,3,0.9998563528060913
NC_034248,1.0,GCA_000480785,3,0.9989734888076782
NC_034248,1.0,GCA_000480335,3,0.9999890327453613
NC_034619,1.0,GCA_000194845,3,0.9998563528060913
NC_034619,1.0,GCA_000192435,3,0.9988412261009216
NC_034619,1.0,GCA_000194905,3,0.9998563528060913
NC_034620,1.0,GCA_000208765,3,0.9942042231559753
NC_034620,1.0,GCA_000203995,3,0.9998563528060913
NC_034620,1.0,GCA_000204925,3,0.9711077213287354
NC_034621,1.0,GCA_000217615,3,0.9998563528060913
NC_034621,1.0,GCA_000219535,3,0.9997116923332214
NC_034621,1.0,GCA_000219965,3,0.9995689988136292
NC_034623,1.0,GCA_000231215,3,0.9998563528060913
NC_034623,1.0,GCA_000237765,3,0.6520466804504395
NC_034623,1.0,GCA_000237005,3,0.9997116923332214
NC_034624,1.0,GCA_000240075,3,0.9999934434890747
NC_034624,1.0,GCA_000248035,3,0.9988412261009216
NC_034624,1.0,GCA_000247435,3,0.9989734888076782
NC_034625,1.0,GCA_000252875,3,0.9050883650779724
NC_034625,1.0,GCA_000253235,3,0.9999690055847168
NC_034625,1.0,GCA_002259955,3,0.9997116923332214
NC_034627,1.0,GCA_000277565,3,0.9942042231559753
NC_034627,1.0,GCA_001270675,3,0.9999690055847168
NC_034627,1.0,GCA_000270085,3,0.9995784163475037
NC_034628,1.0,GCA_000287475,3,0.9861565828323364
NC_034628,1.0,GCA_000287815,3,0.9989734888076782
NC_034628,1.0,GCA_000281555,3,0.9995689988136292
NC_035464,1.0,GCA_000648115,3,0.6508982181549072
NC_035464,1.0,GCA_000647615,3,0.9989734888076782
NC_035464,1.0,GCA_000640795,3,0.9999749660491943
NC_036595,1.0,GCA_000358395,2,0.9992260932922363
NC_036595,1.0,GCA_000252875,2,0.9050883650779724
NC_036595,1.0,GCA_001753225,2,0.999859094619751
