Phage,Taxonomy,Host,Non-host
-1.5147862218675798,0.0,-1.3400833246540425,0.043675254841531994
1.0438430695561849,0.0,0.20692831553787164,0.08667255643440286
0.7282626066671057,0.0,1.8467606541413006,0.1081712072308383
-0.9952922291117112,0.0,-0.38781171502479755,0.4091523183809344
1.2963074398674481,0.0,1.231393801709406,0.49514692156667617
1.182212964822935,0.0,1.5579851479721434,-0.8162707770158855
0.7671032790226847,0.0,-0.8656664216618555,-0.7732734754230146
0.5292041608447635,0.0,-1.0684968367092398,-1.138750538962417
-1.2186260951562902,0.0,1.5339205224580468,-0.9022653802016273
0.9006180902449874,0.0,0.49226601806215803,-0.79477212621945
1.730837461845488,26.711420778386163,1.9223923343284608,2.1290443820957696
-1.429822251089751,0.0,-1.0100541747464342,0.5596428739559824
-1.5730472304009484,0.0,0.8085439533902827,-0.08531664993708063
-0.014565252133342114,0.0,-1.357272342878397,0.12966985802727374
-1.4638078394008824,0.0,1.1626377288119876,-0.45079371347648306
-0.502501198600303,0.0,-1.3297699137194297,-0.8162707770158855
0.17963810964455273,0.0,0.6779074148851877,-0.9667613325909336
0.27916733255572385,0.0,-1.1406907132515292,-0.7732734754230146
-0.11166693302228954,0.0,-0.8656664216618555,-0.49379101506935397
-0.32771817300019757,0.0,-0.5459506826888599,-1.0527559357766754
-0.20148598784456592,0.0,-1.2575760371771403,-0.3862977610871768
-1.3181553180674614,0.0,1.3035876782516953,-0.3647991102907413
-0.033985588311131604,0.0,-0.8656664216618555,-1.1172518881659816
0.8593498758671848,0.0,-0.8484774034375009,-0.45079371347648306
1.5657646043342774,0.0,-0.14372765623896222,-1.0527559357766754
-1.4710904654675536,0.0,1.3689059475042427,-0.9667613325909336
0.6918494763337505,0.0,-1.2507004298873985,-1.2032464913517233
-1.5269239319786985,0.0,1.0732548340453436,0.23716311200945092
1.4322497931119746,0.0,-0.8622286180169846,-0.5797856182550957
0.7306901486893295,0.0,0.1656746717994206,0.4306509691773699
0.8569223338449611,0.0,0.4957038217070289,1.0971091438668685
-1.221053637178514,0.0,-0.10934961979025302,1.4840848582027064
0.6408710938670531,0.0,0.3031868175942574,1.763567318556367
0.6238782997114872,0.0,-0.0543447614723183,0.387653667584499
1.7235548357788169,0.0,-0.35687148222095927,-0.32180180869787045
-0.9685892668672507,0.0,-1.357272342878397,-1.2462437929445942
-1.0632634057339745,0.0,-1.357272342878397,-0.6012842690515311
-1.3691337005341588,0.0,-0.9619249237182412,-0.6227829198479665
1.5584819782676063,0.0,0.7432256841377352,0.7531307311239014
-0.7209799806004347,0.0,-0.6525225956798584,1.720570016963496
0.39811689164468445,0.0,0.12442102806096955,-0.2573058563085641
-0.2209063240223554,0.0,-0.8175371706336626,-0.3862977610871768
0.5583346651114477,0.0,0.035038133294325625,0.08667255643440286
0.08253642875560532,0.0,-1.2025711788592057,1.226101048645481
-0.8180816614893821,0.0,-1.494784488673234,-1.525726253298255
-1.0147125652895006,0.0,-0.8691042253067264,-0.9237640309980627
-0.84963970777829,0.0,-0.6009555410067946,-0.10681530073351607
0.5170664507336451,0.0,-0.7419054904465023,0.47364827077024074
-1.0025748551783822,0.0,-0.239986158295348,0.36615501678806356
-1.5390616420898169,0.0,-0.5562640936234726,-1.4182329993160778
-0.5728999172447898,0.0,-1.357272342878397,1.0541118422739975
-0.2743122485112765,0.0,-0.2949910166132827,0.23716311200945092
-1.2331913472896323,0.0,-1.4088393975514608,-0.5582869674586602
0.8447846237338427,0.0,-0.3396824639966047,0.7746293819203368
-0.6238782997114872,0.0,0.5163306435762545,0.581141524752418
-1.0244227333783955,0.0,0.7707281132967025,-1.0742545865731108
-1.6434459490454352,0.0,1.7951935994682369,-1.375235697723207
-0.8714875859783032,0.0,-1.4775954704488794,-0.32180180869787045
0.9491689306894612,0.0,0.7879171315210571,0.6886347787345951
0.7209799806004347,0.0,0.3341270503980957,1.957055175724286
1.221053637178514,0.0,1.2142047834850513,1.0971091438668685
-0.12865972717785534,0.0,-0.9859895492323377,0.043675254841531994
-0.672429140155961,0.0,-0.2743641947440572,-1.4182329993160778
0.9030456322672111,0.0,-0.8484774034375009,0.7531307311239014
0.1723554835778817,0.0,-1.4638442558693956,1.8065646201492378
0.7938062412671453,0.0,-0.8691042253067264,1.957055175724286
-0.9248935104672242,0.0,1.6233034172246907,1.871060572538544
-0.31558046288907915,0.0,0.17942588637890428,0.387653667584499
-1.5099311378231326,0.0,-0.1059118161453821,-0.988259983387369
-1.2647493935785403,0.0,-1.2850784663361077,-0.5152896658657894
-1.0705460318006454,0.0,0.08316738432251851,0.8176266835132078
1.267176935600764,0.0,0.7707281132967025,-1.1172518881659816
-0.36655884535577654,0.0,1.571736362551627,-0.4722923642729185
1.1652201706673693,0.0,0.622902556567253,-1.138750538962417
1.5924675665787378,0.0,1.2967120709619533,0.1081712072308383
1.5172137638898036,0.0,-0.18154349633254235,1.9140578741314151
0.6651465140892899,0.0,-1.1131882840925618,1.3550929534240936
1.405546830867514,0.0,0.1966149046032589,-1.525726253298255
-1.4468150452453168,0.0,1.8914521015246226,0.7746293819203368
-0.5801825433114609,0.0,0.8257329716146373,0.5596428739559824
-0.39811689164468445,0.0,1.4342242167567902,1.720570016963496
-0.15050760537786853,0.0,-0.41875194782863584,-0.1713112531228224
1.1409447504451322,0.0,0.6022757346980274,-1.138750538962417
0.8156541194671584,0.0,-0.8691042253067264,-1.3107397453339005
-0.40297197568913184,0.0,-1.2782028590463659,0.47364827077024074
1.019567649333948,0.0,-1.1131882840925618,1.1616050962561748
1.036560443489514,0.0,-0.8175371706336626,0.1511685088237092
-1.6337357809565405,0.0,-1.5016600959629758,-1.289241094537465
-1.4273947090675272,0.0,-1.195695571569464,-1.2032464913517233
0.9467413886672374,0.0,0.578211109183931,0.5596428739559824
-0.06311609257781584,0.0,1.1660755324568584,0.9681172390882558
1.1773578807784877,0.0,-0.5872043264273109,0.4091523183809344
1.0001473131561585,0.0,-1.357272342878397,-0.5367883166622248
-0.002427542022223686,0.0,0.7707281132967025,0.7531307311239014
0.9248935104672242,0.0,1.1901401579709547,0.9466185882918203
1.3084451499785665,0.0,-0.5150104498850216,2.064548429706463
1.3108726920007903,0.0,0.753539095072348,-1.3107397453339005
0.502501198600303,0.0,-0.36718489315557207,0.2586617628058864
-1.1288070403340138,0.0,1.4617266459157576,0.731632080327466
1.6701489112898957,0.0,1.612990006290078,0.36615501678806356
0.007282626066671057,0.0,-0.31561783848250824,-0.10681530073351607
-0.4685156102891714,0.0,1.3379657147004045,-0.02082069754777432
1.6677213692676722,0.0,0.4028831232955141,-0.2788045071049996
0.8350744556449479,0.0,-0.8656664216618555,-1.4182329993160778
-1.0826837419117639,0.0,0.8051061497454117,-0.9237640309980627
-1.1919231329118298,0.0,0.09691859890200219,0.581141524752418
-0.08010888673338164,0.0,0.07972958067764759,0.043675254841531994
0.3932618076002371,0.0,-0.8656664216618555,-0.9452626817944981
-1.5536268942231588,0.0,-1.1785065533451091,-0.3647991102907413
-1.1118142461784482,0.0,1.0766926376902144,0.387653667584499
0.48793594646696087,0.0,1.6370546318041745,0.538144223159547
-0.8787702120449743,0.0,0.7707281132967025,-0.02082069754777432
-1.444387503223093,0.0,-1.4157150048412028,0.731632080327466
-1.461380297378659,0.0,1.0629414231107308,-1.2677424437410296
1.2453290574007507,0.0,-0.7728457232503406,-0.4077964118836122
-1.6191705288231983,0.0,0.5678976982493182,-0.5152896658657894
1.529351474000922,0.0,-0.9137956726900484,-1.0097586341838045
0.9855820610228164,0.0,-0.8622286180169846,1.269098350238352
0.3228630889557502,0.0,-1.1613175351207545,-0.14981260232638693
0.7792409891338031,0.0,0.22067953011735533,0.9251199374953849
1.3278654861563561,0.0,1.7298753302156893,0.1081712072308383
-1.5026485117564614,0.0,-0.2640507838094444,-0.45079371347648306
1.7259823778010406,0.0,1.8123826176925915,0.7746293819203368
-1.1021040780895532,0.0,1.0216877793722798,0.1081712072308383
-0.8277918295782769,0.0,-0.7040896503529223,-0.1928099039192578
1.7284099198232643,0.0,1.6404924354490453,-1.375235697723207
1.2793146457118825,0.0,1.7539399557297857,-0.32180180869787045
-0.04369575640002635,0.0,-0.8691042253067264,0.2156644612130155
-0.4952185725336319,0.0,-1.2988296809155915,1.269098350238352
-1.235618889311856,0.0,0.35819167591219214,0.12966985802727374
0.5340592448892109,0.0,-0.7419054904465023,-0.45079371347648306
0.12623218515563167,0.0,-0.4771946097914415,0.8176266835132078
-0.7913786992449215,0.0,-1.2610138408220113,-0.6012842690515311
1.4079743728897378,0.0,1.6095522026452072,-0.5797856182550957
-1.1797854228007112,0.0,1.0423146012415052,0.08667255643440286
0.3107253788446318,0.0,-0.8622286180169846,0.581141524752418
0.1383698952667501,0.0,-0.4084385368940231,0.043675254841531994
1.6021777346676327,0.0,1.7608155630195277,-0.9667613325909336
1.0899663679784348,0.0,-1.357272342878397,-0.3647991102907413
0.3252906309779739,0.0,-1.1338151059617874,-0.9237640309980627
-1.42253962502308,0.0,0.7397878804928643,1.6775727153706252
-0.8933354641783163,0.0,1.0182499757274088,-0.3647991102907413
-0.7404003167782242,0.0,-1.2300736080181731,-0.5367883166622248
1.0244227333783955,0.0,-0.8656664216618555,-0.3433004594943059
-0.009710168088894744,0.0,-0.8656664216618555,1.2475996994419165
-1.2477565994229745,0.0,-0.8209749742785335,0.47364827077024074
0.22576140806680278,0.0,-0.8347261888580172,0.23716311200945092
-1.3594235324452641,0.0,-0.4221897514735068,0.47364827077024074
0.7913786992449215,0.0,-1.357272342878397,0.581141524752418
-0.16507285751121065,0.0,-0.8656664216618555,-0.6442815706444021
-1.6118879027565274,0.0,-1.058183425774627,-0.8162707770158855
-1.2841697297563297,0.0,1.2554584272235023,0.4306509691773699
1.1700752547118165,0.0,0.3478782649775794,0.7531307311239014
-1.56090952028983,0.0,1.1557621215222456,1.6990713661670607
-0.4078270597335792,0.0,0.3547538722673212,1.9140578741314151
-0.06554363460003952,0.0,-0.8622286180169846,0.2586617628058864
1.60703281871208,0.0,-1.3022674845604623,-1.1172518881659816
1.3254379441341324,0.0,1.7195619192810765,0.5166455723631116
0.9588790987783559,0.0,-1.0375566039054014,0.5596428739559824
-1.5876124825342905,0.0,-1.1544419278310127,-0.8592680786087564
0.25246437031126334,0.0,-1.494784488673234,0.32315771519519265
-1.490510801645343,0.0,-0.8931688508208229,-0.5367883166622248
-0.6068855055559215,0.0,1.3792193584388555,-0.3647991102907413
0.7379727747560004,0.0,0.16911247544429153,1.2905970010347874
1.1870680488673824,0.0,-0.5287616644645053,-0.6012842690515311
-1.1166693302228954,0.0,0.5472708763800928,1.871060572538544
0.35199359322243445,0.0,-0.755656705025986,-0.10681530073351607
1.4953658856897905,0.0,-1.2438248225976567,-1.2247451421481588
-0.9079007163116585,0.0,-0.9172334763349193,-0.5152896658657894
1.6944243315121328,0.0,0.5507086800249636,-1.0957532373695462
-0.3811240974891187,0.0,-0.8175371706336626,0.043675254841531994
-0.7865236152004742,0.0,1.1179462814286656,2.0430497789100275
0.1407974372889738,0.0,0.44757457067883605,-0.8807667294051919
0.19420336177789485,0.0,1.3757815547939845,0.022176604045096554
0.05583346651114477,0.0,0.29631121030451557,0.5166455723631116
0.3762690134446713,0.0,-1.491346685028363,0.7746293819203368
1.0317053594450665,0.0,-0.8175371706336626,1.720570016963496
1.0414155275339612,0.0,1.4548510386260156,2.064548429706463
-0.7622481949782374,0.0,-0.37406050044531386,-1.2677424437410296
1.6507285751121064,0.0,0.13817224264045325,0.043675254841531994
-0.4976461145558556,0.0,-0.6800250248388258,-1.3107397453339005
1.6483010330898826,0.0,-0.8656664216618555,-0.7732734754230146
-1.6968518735343563,0.0,0.7157232549787679,-0.837769427812321
0.9831545190005927,0.0,-0.8622286180169846,-0.79477212621945
1.3861264946897245,0.0,0.7707281132967025,-1.2462437929445942
1.5075035958009089,0.0,-0.9516115127836285,-1.2032464913517233
0.31558046288907915,0.0,-0.8691042253067264,-0.42929506268004763
-0.9540240147339085,0.0,-1.1235016950271746,-0.04231934834420976
-0.594747795444803,0.0,-0.17810569268767143,0.9681172390882558
-0.25246437031126334,0.0,0.5816489128288019,-1.0957532373695462
0.8205092035116058,0.0,-0.8656664216618555,-1.3537370469267715
-0.1407974372889738,0.0,0.7707281132967025,1.0971091438668685
-0.5170664507336451,0.0,-0.09903620885564027,-0.7302761738301438
-0.7743859050893558,0.0,-0.8175371706336626,-0.08531664993708063
1.5730472304009484,0.0,0.43038555245448146,-1.0097586341838045
-0.5243490768003162,0.0,-0.6456469883901166,-1.0957532373695462
0.5461969550003293,0.0,0.8566732044184756,0.5596428739559824
-1.196778216956277,0.0,0.11066981348148587,-0.9452626817944981
0.11166693302228954,0.0,0.1141076171263568,0.2156644612130155
1.0535532376450796,0.0,-0.8622286180169846,-0.3862977610871768
0.02913050426668423,0.0,-0.06465817240693106,-0.6012842690515311
1.1797854228007112,0.0,0.7672903096518316,0.06517390563796743
1.0802561998895401,0.0,-1.3057052882053333,-0.08531664993708063
1.614315444778751,0.0,0.46132578525831974,-0.79477212621945
0.17721056762232906,0.0,1.6336168281593035,0.12966985802727374
-0.24760928626681594,0.0,0.3513160686224503,1.9355565249278506
1.097248994045106,0.0,1.6783082755426255,0.538144223159547
0.5777550012892372,0.0,-0.8622286180169846,1.0541118422739975
-1.5463442681564878,0.0,-1.1200638913823036,-0.9022653802016273
-0.934603678556119,0.0,-0.1884191036222842,-1.0957532373695462
-0.14322497931119746,0.0,0.41663433787499776,0.5596428739559824
-0.10438430695561848,0.0,-0.8691042253067264,-0.45079371347648306
-1.1943506749340533,0.0,-0.0887227979210275,0.32315771519519265
0.026702962244460542,0.0,-1.360710146523268,-1.2677424437410296
1.6094603607343037,0.0,-1.3228943064296879,1.2905970010347874
1.4468150452453168,0.0,-0.8656664216618555,1.957055175724286
-0.9224659684450006,0.0,1.6508058463836581,0.538144223159547
1.7114171256676984,0.0,0.5438330727352219,-0.8592680786087564
1.3715612425563826,0.0,-0.8691042253067264,-0.45079371347648306
0.41753722782247393,0.0,-1.44321743400017,-0.988259983387369
-1.174930338756264,0.0,1.1591999251671166,-0.1713112531228224
-1.2453290574007507,0.0,1.5854875771311108,1.871060572538544
0.7404003167782242,0.0,0.7707281132967025,-0.8807667294051919
1.4031192888452904,0.0,1.7505021520849149,2.064548429706463
1.6361633229787642,0.0,0.34444046133270845,-0.837769427812321
-1.5900400245565143,0.0,-1.446655237645041,0.36615501678806356
-0.7428278588004479,0.0,-1.1853821606348511,1.269098350238352
-1.3400031962674746,0.0,-1.0822480512887234,-0.837769427812321
0.004855084044447372,0.0,-0.8622286180169846,0.0006779532486611152
1.2501841414451982,0.0,-1.195695571569464,-0.3433004594943059
0.2815948745779476,0.0,1.6301790245144325,1.118607794663304
-1.65315611713433,0.0,1.784880188533624,0.49514692156667617
-0.2815948745779476,0.0,-0.40500073324915215,0.2156644612130155
0.2767397905335002,0.0,1.4239108058221774,-0.1713112531228224
1.3424307382896983,0.0,1.8673874760105262,0.5596428739559824
-1.645873491067659,0.0,-0.6215823628760201,0.2586617628058864
1.4710904654675536,0.0,-0.5734531118478272,0.5166455723631116
-1.2768871036896587,0.0,0.3822563014262886,0.6886347787345951
0.5631897491558951,0.0,-0.9894273528772086,0.022176604045096554
0.8302193716005005,0.0,-1.357272342878397,0.4091523183809344
-0.33500079906686864,0.0,1.1935779616158257,0.1081712072308383
0.6020304215114741,0.0,-1.2644516444668823,1.7850659693528024
0.2184787820001317,0.0,-1.401963790261719,0.2156644612130155
-1.0098574812450534,0.0,1.874263083300268,0.538144223159547
-0.19420336177789485,0.0,1.8501984577861714,1.0971091438668685
-1.3958366627786194,0.0,1.4651644495606284,-0.3647991102907413
-1.0851112839339876,0.0,-0.08528499427615659,-1.03125728498024
-0.09467413886672374,0.0,-0.8622286180169846,1.6990713661670607
0.014565252133342114,0.0,-0.5425128790439889,1.2905970010347874
0.10438430695561848,0.0,0.365067283201934,0.7746293819203368
0.8714875859783032,0.0,0.49226601806215803,1.0971091438668685
-1.366706158511935,0.0,0.9598073137646032,-0.7087775230337083
1.1457998344895797,0.0,-0.04746915418257646,0.7531307311239014
0.21605123997790804,0.0,-0.09559840521076934,0.1081712072308383
0.626305841733711,0.0,0.6744696112403168,1.6775727153706252
1.5244963899564747,0.0,-0.8312883852131463,-0.6872788722372729
-0.2888775006446186,0.0,1.5167315042336922,1.1401064454597394
-0.19663090380011855,0.0,1.444537627691403,-0.3647991102907413
-1.005002397200606,0.0,-0.497821431660667,-1.4182329993160778
-1.2064883850451718,0.0,0.451012374323707,0.4091523183809344
-1.6313082389343168,0.0,1.2485828199337605,1.1401064454597394
-1.6046052766898562,0.0,0.708847647689026,0.8176266835132078
0.03155804628890792,0.0,1.3276523037657917,-0.7517748246265792
-1.2817421877341062,0.0,0.37881849778141763,-1.5042276025018195
-1.5172137638898036,0.0,-0.8553530107272427,-0.49379101506935397
1.2259087212229614,0.0,-0.8622286180169846,0.731632080327466
-0.7476829428448952,0.0,-0.4496921806324741,-0.7517748246265792
-0.7840960731782505,0.0,1.4273486094670484,0.7531307311239014
0.6068855055559215,0.0,-1.2644516444668823,0.9251199374953849
1.5463442681564878,0.0,-0.8656664216618555,-0.1928099039192578
0.8399295396893953,0.0,-0.8622286180169846,0.9466185882918203
1.1555100025784744,0.0,0.880737829932572,-0.9237640309980627
-0.9443138466450137,0.0,1.568298558906756,-1.4612303009089487
0.810799035422711,0.0,-0.8691042253067264,-1.0097586341838045
-0.08253642875560532,0.0,-0.8106615633439208,0.538144223159547
1.42253962502308,0.0,0.33068924675322475,0.6026401755488534
0.7743859050893558,0.0,0.7707281132967025,0.49514692156667617
-0.3228630889557502,0.0,-0.9481737091387575,0.5596428739559824
-1.7235548357788169,0.0,0.6366537711467367,-0.6872788722372729
0.4418126480447108,0.0,0.02816252600458379,-0.14981260232638693
0.19663090380011855,0.0,0.8979268481569266,-0.45079371347648306
1.2574667675118691,0.0,0.1828636900237752,0.387653667584499
-0.8132265774449348,0.0,0.7707281132967025,-0.7732734754230146
0.13108726920007904,0.0,-0.1231008343697367,-0.7302761738301438
-0.09710168088894743,0.0,-0.8691042253067264,-1.4612303009089487
-1.6701489112898957,0.0,0.2516197629211936,-1.2247451421481588
-1.6507285751121064,0.0,0.1519234572199369,0.9466185882918203
1.6580112011787773,0.0,-1.0513078184848852,-0.14981260232638693
0.3058702948001844,0.0,-1.013491978391305,1.8280632709456732
1.2865972717785534,0.0,-1.357272342878397,1.7850659693528024
-0.9904371450672638,0.0,-0.07840938698641474,2.0215511281135923
0.7719583630671321,0.0,-1.357272342878397,-0.5797856182550957
1.5099311378231326,0.0,1.056065815820989,-0.5797856182550957
1.7041344996010275,0.0,1.7711289739541403,-0.7732734754230146
0.7865236152004742,0.0,-1.1613175351207545,0.19416581041658004
1.2089159270673955,0.0,0.5300818581557382,-0.9237640309980627
0.8326469136227242,0.0,-1.357272342878397,0.19416581041658004
1.1506549185340271,0.0,0.07285397338790575,-1.03125728498024
-1.4006917468230666,0.0,-1.4569686485796538,1.8925592233349797
0.1844931936890001,0.0,1.8192582249823332,2.0215511281135923
-1.4176845409786325,0.0,0.6400915747916076,0.9251199374953849
1.3400031962674746,0.0,-1.1647553387656255,0.2586617628058864
0.47094315231139505,0.0,1.2348316053542767,-1.181747840555288
-0.10681184897784217,0.0,-0.8691042253067264,-0.3647991102907413
0.4757982363558424,0.0,1.915516727038719,0.8176266835132078
-0.2039135298667896,0.0,0.970120724699216,1.4840848582027064
-0.0873915128000527,0.0,-0.6903384357734386,0.6456374771417243
-1.4565252133342115,0.0,1.7126863119913347,0.1081712072308383
-1.2380464313340798,0.0,-1.450093041289912,1.3335943026276582
-0.7185524385782109,0.0,-1.236949215307915,-1.0742545865731108
-1.2720320196452113,0.0,-0.5665775045580854,-1.3967343485196424
-1.4419599612008693,0.0,0.8463597934838628,-0.988259983387369
-0.16750039953343432,0.0,-0.37062269680044296,0.7961280327167723
0.1747830256001054,0.0,-0.04059354689283462,0.6241388263452888
1.6410184070232117,0.0,0.7707281132967025,0.387653667584499
1.1482273765118034,0.0,-0.04746915418257646,-0.1928099039192578
1.5803298564676194,0.0,-0.9928651565220795,0.538144223159547
-1.2938798978452246,0.0,-0.21592153278125156,1.0971091438668685
1.3764163266008298,0.0,-1.357272342878397,-0.837769427812321
1.6240256128676458,0.0,1.702372901056722,-0.9667613325909336
1.5948951086009615,0.0,1.829571635916946,-0.0638179991406452
-0.016992794155565802,0.0,-0.8691042253067264,2.064548429706463
1.1215244142673428,0.0,-0.8691042253067264,1.957055175724286
0.5534795810670003,0.0,1.2073291761953096,0.49514692156667617
-1.5123586798453563,0.0,-0.3912495186696685,0.7531307311239014
0.5680448332003425,0.0,0.36162947955706304,0.9251199374953849
-1.6021777346676327,0.0,-1.2885162699809787,0.1081712072308383
0.4782257783780661,0.0,1.0835682449799564,2.0430497789100275
0.2063410718890133,0.0,-0.6490847920349875,0.19416581041658004
-1.6847141634232379,0.0,1.3792193584388555,0.2156644612130155
0.29616012671128966,0.0,1.307025481896566,-0.9237640309980627
-1.4783730915342246,0.0,-1.4844710777386212,0.36615501678806356
0.10681184897784217,0.0,1.8570740650759134,2.0430497789100275
1.65315611713433,0.0,-0.4806324134363124,1.118607794663304
0.3617037613113292,0.0,1.138573103297891,-0.7517748246265792
-0.4782257783780661,0.0,-0.8175371706336626,-0.2788045071049996
0.6894219343115268,0.0,-0.5872043264273109,-0.5152896658657894
-0.47094315231139505,0.0,0.6091513419877693,-0.8162707770158855
-0.8472121657560664,0.0,0.22755513740709715,0.7101334295310305
-0.6748566821781846,0.0,0.2894356030147737,-0.1928099039192578
1.1312345823562375,0.0,-0.8656664216618555,1.2905970010347874
1.4589527553564352,0.0,-0.8656664216618555,-1.5042276025018195
-0.48550840444473714,0.0,-0.8175371706336626,-1.2247451421481588
1.0681184897784217,0.0,-1.3778991647476226,0.4091523183809344
0.38355163951134236,0.0,-1.491346685028363,0.043675254841531994
-0.509783824666974,0.0,0.7844793278761862,0.1511685088237092
0.8010888673338163,0.0,-0.8656664216618555,-1.525726253298255
0.9394587626005664,0.0,1.6714326682528837,0.47364827077024074
-1.3885540367119482,0.0,-0.12997644165947855,-1.138750538962417
-1.0948214520228823,0.0,-0.9206712799797903,-1.3967343485196424
-0.20876861391123697,0.0,0.34100265768783755,0.581141524752418
-1.638590865000988,0.0,1.781442384888753,0.5596428739559824
-0.8399295396893953,0.0,0.23099294105196808,-0.10681530073351607
-0.8375019976671716,0.0,0.32725144310835386,-0.45079371347648306
-0.9394587626005664,0.0,0.6607183966608331,-0.3647991102907413
0.4563779001780529,0.0,-0.5115726462401506,-0.49379101506935397
0.6748566821781846,0.0,0.014411311425100107,-1.4397316501125133
1.3691337005341588,0.0,1.8158204213374622,-0.9452626817944981
0.424819853889145,0.0,-1.398525986616848,-0.49379101506935397
-0.19177581975567118,0.0,1.736750937505431,0.2156644612130155
-1.1263794983117903,0.0,0.839484186194121,1.118607794663304
0.633588467800382,0.0,0.5885245201185438,1.8280632709456732
-0.626305841733711,0.0,0.5610220909595764,0.387653667584499
1.0122850232672769,0.0,-0.8691042253067264,-0.8162707770158855
-0.5000736565780792,0.0,-0.6800250248388258,-0.7302761738301438
0.45152281613360556,0.0,0.5025794289967708,-0.6442815706444021
-0.293732584689066,0.0,1.8880142978797516,0.6241388263452888
1.3375756542452508,0.0,0.24474415563145177,0.6241388263452888
0.463660526244724,0.0,-1.0547456221297562,0.7101334295310305
0.06797117662226321,0.0,1.9052033161041062,1.2475996994419165
-0.4005444336669082,0.0,1.4479754313362738,0.043675254841531994
0.7695308210449084,0.0,-0.8691042253067264,-1.525726253298255
-1.3934091207563957,0.0,0.041913740584067466,-0.0638179991406452
-0.04855084044447371,0.0,-0.8622286180169846,0.47364827077024074
0.0509783824666974,0.0,-0.48750802072605426,-0.4722923642729185
1.058408321689527,0.0,-0.8656664216618555,-1.4612303009089487
-1.0389879855117374,0.0,1.3723437511491137,2.064548429706463
0.06311609257781584,0.0,-0.21248372913638064,1.6990713661670607
0.009710168088894744,0.0,-0.31561783848250824,-0.6872788722372729
-1.0438430695561849,0.0,-0.23311055100560615,0.23716311200945092
1.2817421877341062,0.0,1.912078923393848,-0.3647991102907413
-1.3861264946897245,0.0,-1.3366455210091717,-0.42929506268004763
0.2573194543557107,0.0,-1.0891236585784654,-0.988259983387369
0.05826100853336846,0.0,0.13817224264045325,-1.3322383961303361
-0.7039871864448689,0.0,0.320375835818612,-0.49379101506935397
-0.024275420222236856,0.0,-0.8622286180169846,0.7101334295310305
-1.2574667675118691,0.0,-0.9412981018490157,0.23716311200945092
0.6505812619559478,0.0,-1.1131882840925618,1.5915781121848835
-0.3617037613113292,0.0,-0.4393787696978614,-0.6442815706444021
-0.9928646870894875,0.0,1.482353467784983,-0.7517748246265792
0.8666325019338559,0.0,-0.8484774034375009,1.0541118422739975
-1.7065620416232512,0.0,-0.6387713811003748,-0.4722923642729185
-0.4490952741113819,0.0,1.437662020401661,-1.3322383961303361
-0.41996476984469766,0.0,1.444537627691403,-1.1602491897588525
0.45880544220027664,0.0,-0.7247164722221477,0.9466185882918203
0.2621745384001581,0.0,-1.494784488673234,0.7101334295310305
-1.1142417882006719,0.0,1.8605118687207842,-0.1713112531228224
1.3885540367119482,0.0,1.348279125635017,0.6241388263452888
-0.3689863873780002,0.0,-0.17123008539792958,1.6775727153706252
1.1118142461784482,0.0,-0.5803287191375691,-0.79477212621945
-0.6554363460003951,0.0,-1.487908881383492,1.0111145406811266
-1.136089666400685,0.0,0.6057135383428984,1.0541118422739975
-1.0292778174228427,0.0,-1.357272342878397,0.9251199374953849
1.4006917468230666,0.0,-0.21935933642612246,0.5596428739559824
0.34713850917798705,0.0,1.1523243178773748,-1.2462437929445942
1.3958366627786194,0.0,-0.8691042253067264,-0.45079371347648306
-0.16021777346676327,0.0,-0.11622522707999486,-1.289241094537465
-1.7211272937565931,0.0,0.6332159675018657,0.581141524752418
-1.6822866214010141,0.0,0.234430744696839,0.49514692156667617
0.43453002197803975,0.0,-1.0753724439989816,0.7101334295310305
1.7089895836454747,0.0,-0.5287616644645053,-0.79477212621945
1.6337357809565405,0.0,1.5407961297477888,1.957055175724286
0.09952922291117111,0.0,1.5992387917105944,-0.7087775230337083
1.5851849405120668,0.0,-0.8691042253067264,-0.837769427812321
0.40297197568913184,0.0,1.3895327693734683,0.4521496199738053
-1.0486981536006323,0.0,0.4853904107724162,-0.9667613325909336
1.1166693302228954,0.0,-0.20217031820176787,0.9466185882918203
-1.0511256956228558,0.0,0.4682013925480616,-0.0638179991406452
1.2307638052674088,0.0,-0.19873251455689694,0.23716311200945092
1.4492425872675405,0.0,-0.8691042253067264,0.731632080327466
0.6627189720670662,0.0,-1.1131882840925618,0.3016590643987572
0.6165956736448162,0.0,0.004097900490487346,1.4195889058134
-1.451670129289764,0.0,0.83604638254925,-0.3647991102907413
-0.9297485945116717,0.0,-0.7694079196054697,-1.0097586341838045
-1.1555100025784744,0.0,0.09004299161226036,-1.2247451421481588
-1.1773578807784877,0.0,1.530482718813176,-0.9022653802016273
-1.058408321689527,0.0,0.8635488117082174,-0.9022653802016273
0.2500368282890396,0.0,1.5648607552618852,-0.7732734754230146
-1.6580112011787773,0.0,-0.47375680614657056,-0.988259983387369
0.5826100853336846,0.0,0.7054098440441551,1.269098350238352
0.9443138466450137,0.0,-0.8691042253067264,-0.32180180869787045
-1.019567649333948,0.0,-1.357272342878397,1.763567318556367
-0.3422834251335397,0.0,1.3448413219901463,-0.79477212621945
1.3327205702008036,0.0,-0.6078311482965365,-0.3862977610871768
-0.18934827773344748,0.0,1.2588962308683733,0.043675254841531994
1.7017069575788037,0.0,1.1145084777837946,-1.4182329993160778
-0.21119615593346067,0.0,1.4170351985324356,0.19416581041658004
-1.3642786164897114,0.0,1.1660755324568584,0.7961280327167723
0.6554363460003951,0.0,-0.006215510444125415,0.17266715962014462
1.0025748551783822,0.0,-0.8691042253067264,1.0971091438668685
-1.143372292467356,0.0,-1.2060089825040765,1.032613191477562
0.29858766873351333,0.0,-0.8794176362413392,-0.6012842690515311
0.8229367455338295,0.0,-0.8691042253067264,-0.7732734754230146
-1.412829456934185,0.0,0.021286918714841948,-1.2032464913517233
1.5560544362453825,0.0,-0.3087422311927664,0.12966985802727374
-1.3302930281785799,0.0,-0.6112689519414074,-0.6872788722372729
-1.5050760537786851,0.0,-1.1372529096066581,1.5270821597955773
-1.0001473131561585,0.0,1.5201693078785632,2.0430497789100275
1.4880832596231195,0.0,-0.49094582437092515,1.957055175724286
0.6117405896003688,0.0,0.010973507780229187,0.8391253343096432
1.3472858223341455,0.0,1.1970157652606968,-0.7087775230337083
0.9928646870894875,0.0,0.7707281132967025,-1.0527559357766754
0.84963970777829,0.0,0.4957038217070289,0.538144223159547
1.3934091207563957,0.0,-0.8691042253067264,0.32315771519519265
0.14322497931119746,0.0,-0.47031900250169967,0.19416581041658004
-0.4612329842225003,0.0,-1.3194565027848169,0.8176266835132078
0.71126981251154,0.0,-1.0478700148400142,1.2475996994419165
-1.1312345823562375,0.0,-1.4741576668040084,-1.0742545865731108
1.5317790160231457,0.0,-1.357272342878397,-0.1928099039192578
-0.7234075226226584,0.0,1.5854875771311108,-1.1602491897588525
-0.7573931109337899,0.0,-1.4672820595142666,-0.49379101506935397
-1.2890248138007772,0.0,-0.5597018972683436,-0.0638179991406452
-1.6725764533121195,0.0,1.8089448140477205,-1.3107397453339005
-0.6578638880226189,0.0,0.10035640254687311,-0.32180180869787045
-0.7768134471115794,0.0,-1.2816406626912369,-0.79477212621945
-0.11652201706673691,0.0,-0.04403135053770554,-1.525726253298255
1.4565252133342115,0.0,1.8433228504964296,1.6775727153706252
-0.3252906309779739,0.0,0.7363500768479934,-1.3537370469267715
0.5389143289336582,0.0,-0.2262349437158643,-0.02082069754777432
-1.4589527553564352,0.0,0.9391804918953777,0.6456374771417243
0.5923202534225793,0.0,-0.5253238608196343,0.7531307311239014
-1.0802561998895401,0.0,-0.6043933446516655,-0.32180180869787045
1.3230104021119087,0.0,-0.7900347414746952,0.36615501678806356
0.08010888673338164,0.0,-0.8140993669887917,0.08667255643440286
1.3812714106452773,0.0,0.9357426882505068,-0.49379101506935397
-1.4249671670453035,0.0,1.262334034513244,1.720570016963496
0.21119615593346067,0.0,0.9907475465684414,-1.3537370469267715
-0.17721056762232906,0.0,0.39944531965064317,0.47364827077024074
-0.7792409891338031,0.0,-0.9653627273631121,0.06517390563796743
-1.1093867041562244,0.0,-1.1441285168964,-0.6657802214408375
-1.3035900659341193,0.0,1.2210803907747931,-1.1602491897588525
0.5996028794892504,0.0,-1.2644516444668823,0.2156644612130155
-0.8447846237338427,0.0,1.4754778604952412,0.0006779532486611152
1.1239519562895666,0.0,0.7707281132967025,-0.45079371347648306
-0.6505812619559478,0.0,-1.3263321100745589,0.7101334295310305
0.13594235324452641,0.0,1.7470643484400439,-1.3322383961303361
-0.3544211352446581,0.0,0.04535154422893839,-1.0957532373695462
0.594747795444803,0.0,-0.5253238608196343,0.5166455723631116
1.5342065580453694,0.0,-1.357272342878397,-0.1713112531228224
0.4612329842225003,0.0,-1.0719346403541108,-0.10681530073351607
-0.463660526244724,0.0,-0.8175371706336626,-0.79477212621945
-1.2234811792007376,0.0,0.07629177703277668,0.1081712072308383
1.3618510744674877,0.0,-1.357272342878397,-0.7517748246265792
-0.764675737000461,0.0,0.7913549351659281,2.064548429706463
1.4249671670453035,0.0,-0.710965257642664,-0.3862977610871768
-0.5850376273559083,0.0,1.093881655914569,-0.42929506268004763
-0.44666773208915816,0.0,-0.4840702170811833,-1.2247451421481588
1.5511993522009353,0.0,-0.8622286180169846,-1.1172518881659816
-0.2694571644668291,0.0,-1.2953918772707205,2.0430497789100275
-0.7962337832893689,0.0,-1.2472626262425277,-0.8807667294051919
1.5390616420898169,0.0,-0.8725420289515973,0.19416581041658004
0.9054731742894347,0.0,0.4957038217070289,0.387653667584499
-1.1482273765118034,0.0,-0.026842332313350935,-1.1602491897588525
-0.09224659684450005,0.0,-1.357272342878397,-0.45079371347648306
-1.483228175578672,0.0,-1.102874873157949,-0.9667613325909336
-0.0703987186444869,0.0,1.7676911703092695,-0.02082069754777432
0.3374283410890923,0.0,-0.08184719063128566,-1.289241094537465
1.2186260951562902,0.0,-0.05778256511718922,0.47364827077024074
-0.9176108844005533,0.0,1.8811386905900098,-0.9667613325909336
-0.7719583630671321,0.0,-1.2472626262425277,2.064548429706463
-1.716272209712146,0.0,0.6297781638569948,-1.0957532373695462
-0.6918494763337505,0.0,-0.40156292960428125,-0.32180180869787045
-1.026850275400619,0.0,-1.357272342878397,-0.14981260232638693
-0.43938510602248715,0.0,1.3379657147004045,-0.837769427812321
-0.6651465140892899,0.0,-0.9584871200733703,0.7531307311239014
-0.5631897491558951,0.0,0.062540562453293,-0.5152896658657894
0.7136973545337636,0.0,-0.6628360066144712,1.8280632709456732
-1.2623218515563166,0.0,0.8704244189979593,-0.988259983387369
0.3301457150224213,0.0,0.47507699983780344,0.9251199374953849
1.4662353814231062,0.0,-0.8691042253067264,0.32315771519519265
-0.6287333837559346,0.0,-0.8072237596990498,0.47364827077024074
-1.6410184070232117,0.0,0.21036611918274256,-0.45079371347648306
-0.5073562826447503,0.0,-0.501259235305538,-0.988259983387369
-0.42239231186692133,0.0,0.7294744695582516,1.957055175724286
-0.6190232156670399,0.0,-0.7762835268952115,0.08667255643440286
1.5147862218675798,0.0,0.9735585283440868,-0.7732734754230146
-0.35199359322243445,0.0,-0.14716545988383314,-0.6012842690515311
-1.0875388259562113,0.0,1.6542436500285291,-0.3433004594943059
-0.2403266602001449,0.0,-0.9034822617554356,-1.2032464913517233
0.7962337832893689,0.0,-0.8656664216618555,0.7961280327167723
0.8617774178894084,0.0,-0.8381639925028881,1.8280632709456732
-0.5996028794892504,0.0,1.2176425871299221,0.23716311200945092
-1.5948951086009615,0.0,0.5541464836698345,1.763567318556367
0.7331176907115531,0.0,-0.9103578690451775,2.0430497789100275
-0.25974699637793436,0.0,-1.0306809966156596,0.2156644612130155
-0.3301457150224213,0.0,0.4819526071275453,-0.8592680786087564
1.69927941555658,0.0,1.4514132349811448,0.12966985802727374
-0.6967045603781978,0.0,-1.147566320541271,-0.3647991102907413
1.4977934277120142,0.0,1.0457524048863762,-0.0638179991406452
-1.390981578734172,0.0,-1.1819443569899801,0.882122635902514
0.42239231186692133,0.0,-0.7831591341849534,0.36615501678806356
-1.2696044776229876,0.0,-0.9550493164284994,-1.3967343485196424
-1.1190968722451191,0.0,0.5472708763800928,-0.837769427812321
-1.2793146457118825,0.0,-1.0066163711015632,0.12966985802727374
0.36655884535577654,0.0,0.8944890445120557,-0.6657802214408375
-1.2016333010007245,0.0,-0.6422091847452457,0.043675254841531994
1.4759455495120009,0.0,1.2829608563824697,-1.181747840555288
0.9515964727116848,0.0,-1.0650590330643688,0.12966985802727374
1.4395324191786456,0.0,0.9529317064748614,-0.4722923642729185
-0.3131529208668555,0.0,0.17598808273403335,-0.6657802214408375
-0.7064147284670925,0.0,0.38913190871603043,1.4840848582027064
0.8690600439560795,0.0,0.4957038217070289,-1.4182329993160778
0.80351640935604,0.0,-0.886293243531081,1.0971091438668685
1.1069591621340007,0.0,-1.357272342878397,0.7101334295310305
-1.352140906378593,0.0,0.47851480348267433,-0.02082069754777432
0.5704723752225661,0.0,0.45788798161344885,0.0006779532486611152
1.2040608430229482,0.0,-0.4668811988568287,-0.8162707770158855
1.0729735738228692,0.0,-0.8691042253067264,-1.4612303009089487
-0.6311609257781583,0.0,-0.8072237596990498,-0.8162707770158855
1.1263794983117903,0.0,-1.357272342878397,2.0430497789100275
0.6675740561115135,0.0,-0.24342396194021892,0.34465636599162813
-0.8690600439560795,0.0,0.31350022852887016,1.957055175724286
0.19177581975567118,0.0,1.826133832272075,-1.03125728498024
0.509783824666974,0.0,-1.0753724439989816,-0.7302761738301438
1.4638078394008824,0.0,-0.8622286180169846,-0.79477212621945
0.5801825433114609,0.0,-0.4256275551183777,-0.3647991102907413
0.4053995177113555,0.0,0.6847830221749296,-0.3862977610871768
-1.306017607956343,0.0,-0.8244127779234044,1.1401064454597394
1.2550392254896456,0.0,-0.8759798325964683,-0.6872788722372729
-0.3932618076002371,0.0,-0.8175371706336626,0.538144223159547
-0.5704723752225661,0.0,-0.8691042253067264,0.731632080327466
-0.6457261779115004,0.0,0.5541464836698345,0.538144223159547
0.28402241660017125,0.0,0.18973929731351705,-0.42929506268004763
-0.8666325019338559,0.0,1.8639496723656552,-1.289241094537465
0.7573931109337899,0.0,-1.357272342878397,0.2156644612130155
-0.5316317028669872,0.0,1.5064180932990796,-0.4722923642729185
-0.1747830256001054,0.0,1.8055070104028497,-1.375235697723207
-1.2598943095340929,0.0,1.4032839839529518,1.6990713661670607
0.09224659684450005,0.0,0.6950964331095423,-1.4182329993160778
-0.5219215347780924,0.0,1.0388767975966344,-0.2788045071049996
-0.48308086242251347,0.0,-0.8175371706336626,0.4521496199738053
1.065690947756198,0.0,-0.8622286180169846,-1.2677424437410296
-1.6871417054454616,0.0,-0.26748858745431536,0.6026401755488534
0.6384435518448294,0.0,-0.9241090836246612,-0.5797856182550957
0.4685156102891714,0.0,0.1828636900237752,0.06517390563796743
-0.6772842242004083,0.0,-1.151004124186142,-0.9237640309980627
1.143372292467356,0.0,1.0904438522696982,0.36615501678806356
1.6750039953343432,0.0,0.540395269090351,1.8280632709456732
1.0074299392228296,0.0,-0.8691042253067264,0.19416581041658004
1.2768871036896587,0.0,-0.8622286180169846,1.2905970010347874
-0.8593498758671848,0.0,-1.1269394986720453,-1.3107397453339005
-0.4126821437780266,0.0,-1.316018699139946,0.1081712072308383
-0.17963810964455273,0.0,0.5128928399313836,0.23716311200945092
-1.5560544362453825,0.0,0.8154195606800245,0.23716311200945092
-0.5777550012892372,0.0,-1.2885162699809787,-1.4182329993160778
0.08496397077782901,0.0,-0.12653863801460763,-0.7302761738301438
-0.4272473959113687,0.0,-0.411876340538894,0.8176266835132078
0.2864499586223949,0.0,-0.8278505815682754,-1.482728951705384
0.6942770183559741,0.0,-0.4668811988568287,-0.02082069754777432
1.1190968722451191,0.0,-0.8691042253067264,-0.8162707770158855
-0.5413418709558819,0.0,-0.7969103487644371,0.49514692156667617
0.5073562826447503,0.0,-1.0788102476438526,-1.181747840555288
0.23304403413347383,0.0,0.37538069413654673,-1.2032464913517233
-0.38597918153356603,0.0,-0.8175371706336626,-0.10681530073351607
1.373988784578606,0.0,-0.8691042253067264,-1.138750538962417
1.0341329014672902,0.0,-0.8175371706336626,0.19416581041658004
-1.5366341000675932,0.0,1.3139010891863079,-1.0097586341838045
1.6167429868009748,0.0,1.4926668787195958,2.064548429706463
-1.2550392254896456,0.0,-1.4157150048412028,-1.3322383961303361
-1.5244963899564747,0.0,1.3173388928311789,-1.0957532373695462
0.4733706943336187,0.0,-0.6318957738106329,-1.1172518881659816
-1.6361633229787642,0.0,1.788317992178495,-1.1172518881659816
0.9782994349561454,0.0,-0.8691042253067264,-0.79477212621945
1.6968518735343563,0.0,0.5507086800249636,-0.49379101506935397
-0.6991321024004216,0.0,-0.3534336785760884,-0.6442815706444021
0.6991321024004216,0.0,1.8020692067579787,-1.3537370469267715
1.306017607956343,0.0,-0.8691042253067264,0.9681172390882558
1.344858280311922,0.0,0.2619331738558064,0.1081712072308383
-0.8205092035116058,0.0,-0.1059118161453821,0.49514692156667617
-1.6483010330898826,0.0,0.53695746544548,-0.9237640309980627
-1.0074299392228296,0.0,-0.019966725023609095,0.043675254841531994
0.7768134471115794,0.0,-1.357272342878397,-1.1172518881659816
-0.5049287406225267,0.0,-0.3603092858658302,-0.7087775230337083
1.335148112223027,0.0,1.2795230527375987,-0.3862977610871768
1.026850275400619,0.0,-0.6937762394183095,0.731632080327466
-1.0923939100006586,0.0,-0.4221897514735068,-1.3322383961303361
-1.213771011111843,0.0,0.27224658479041913,-0.79477212621945
0.11652201706673691,0.0,1.0595036194658598,0.4521496199738053
-0.12623218515563167,0.0,-0.8622286180169846,0.9251199374953849
0.9564515567561322,0.0,-0.2571751765197026,1.871060572538544
-0.026702962244460542,0.0,0.7707281132967025,1.720570016963496
-1.182212964822935,0.0,-0.3431202676414756,-0.32180180869787045
-0.7938062412671453,0.0,-1.274765055401495,0.7101334295310305
-1.3205828600896852,0.0,1.3001498746068243,-0.0638179991406452
1.0948214520228823,0.0,-0.8691042253067264,0.8176266835132078
1.0705460318006454,0.0,0.2000527082481298,-1.289241094537465
-1.4759455495120009,0.0,0.6813452185300587,0.6241388263452888
1.252611683467422,0.0,0.7466634877826062,0.19416581041658004
-1.1870680488673824,0.0,1.0663792267556018,-1.4612303009089487
-0.5122113666891978,0.0,0.17255027908916243,-0.08531664993708063
-1.3084451499785665,0.0,1.2520206235786313,-0.1713112531228224
0.5607622071336714,0.0,0.8326085789043791,-1.3322383961303361
-0.5656172911781188,0.0,-1.357272342878397,-0.3862977610871768
-1.5075035958009089,0.0,-0.23654835465047708,-0.08531664993708063
1.3035900659341193,0.0,-0.8656664216618555,-1.3537370469267715
0.6845668502670794,0.0,-1.4191528084860736,1.6990713661670607
0.37869655546689496,0.0,0.2000527082481298,-0.9022653802016273
-1.5584819782676063,0.0,0.8429219898389919,-0.988259983387369
-0.686994392289303,0.0,-0.6353335774555038,-0.3647991102907413
-0.6165956736448162,0.0,0.19317710095838797,0.19416581041658004
-0.26702962244460543,0.0,-0.5940799337170528,-1.482728951705384
-0.7816685311560269,0.0,-0.6697116139042131,-1.482728951705384
-1.2307638052674088,0.0,-0.9653627273631121,1.8280632709456732
-1.104531620111777,0.0,1.049190208531247,0.06517390563796743
-0.22818895008902645,0.0,-0.8175371706336626,-0.7517748246265792
0.6214507576892636,0.0,1.3654681438593719,1.720570016963496
0.11409447504451323,0.0,-1.10631267680282,-0.79477212621945
1.0098574812450534,0.0,-0.8691042253067264,-1.138750538962417
1.2914523558230009,0.0,-0.9688005310079831,-0.988259983387369
1.6798590793787906,0.0,-0.7797213305400825,1.720570016963496
1.500220969734238,0.0,-1.357272342878397,0.2156644612130155
1.4419599612008693,0.0,1.276085249092728,0.4521496199738053
0.7525380268893426,0.0,-0.8656664216618555,-0.7087775230337083
1.490510801645343,0.0,0.25505756656606454,0.022176604045096554
-1.1652201706673693,0.0,0.29974901394938647,0.581141524752418
0.3689863873780002,0.0,-1.3847747720373644,-1.4612303009089487
-0.6214507576892636,0.0,0.925429277315894,-1.2677424437410296
-1.5657646043342774,0.0,-0.6662738102593421,-0.5367883166622248
0.6821393082448557,0.0,-0.5459506826888599,0.7961280327167723
-1.568192146356501,0.0,-0.5493884863337308,0.36615501678806356
-0.8010888673338163,0.0,-1.3916503793271062,1.6775727153706252
-0.4296749379335924,0.0,-1.40540159390659,1.720570016963496
0.30101521075573706,0.0,-0.9172334763349193,0.731632080327466
-1.274459561667435,0.0,-1.1750687497002383,-1.5042276025018195
0.4976461145558556,0.0,0.5954001274082856,0.7531307311239014
0.33257325704464497,0.0,-0.325931249417121,-0.45079371347648306
0.5122113666891978,0.0,-0.7350298831567605,-0.8162707770158855
1.2647493935785403,0.0,0.9323048846056358,0.36615501678806356
-1.7259823778010406,0.0,1.1488865142325038,-0.3862977610871768
-0.41510968580025026,0.0,-0.8175371706336626,-1.2462437929445942
1.0219951913561718,0.0,-0.8622286180169846,-0.6872788722372729
0.5850376273559083,0.0,1.91895453068359,-1.0097586341838045
-0.37869655546689496,0.0,0.9288670809607649,1.118607794663304
-0.5559071230892241,0.0,1.355154732924759,1.269098350238352
0.2209063240223554,0.0,-0.4221897514735068,0.6671361279381597
1.6628662852232248,0.0,-0.3809361077350557,-1.1172518881659816
1.228336263245185,0.0,-1.1303773023169164,-0.1713112531228224
-0.7015596444226452,0.0,1.743626544795173,0.19416581041658004
0.16021777346676327,0.0,0.6916586294646714,-0.5152896658657894
-1.5342065580453694,0.0,1.9086411197489772,0.2586617628058864
-0.39083426557801343,0.0,-0.8175371706336626,1.871060572538544
-0.012137710111118428,0.0,-0.8622286180169846,1.2475996994419165
-0.13351481122230272,0.0,0.7638525060069608,0.2156644612130155
-0.7331176907115531,0.0,0.5128928399313836,-1.3967343485196424
-1.4953658856897905,0.0,-1.2128845897938185,-0.1283139515299515
-1.7138446676899222,0.0,1.1282596923632782,-1.3322383961303361
0.4952185725336319,0.0,0.6125891456326402,-0.3862977610871768
1.383698952667501,0.0,-0.5700153082029563,2.064548429706463
-0.22576140806680278,0.0,-0.8175371706336626,-0.42929506268004763
-1.4492425872675405,0.0,0.8841756335774429,-0.5797856182550957
0.38597918153356603,0.0,-1.491346685028363,2.0430497789100275
-0.38355163951134236,0.0,0.7294744695582516,0.731632080327466
-0.37141392940022394,0.0,0.7569768987172188,-0.3862977610871768
1.2016333010007245,0.0,0.9769963319889577,0.1511685088237092
-0.254891912333487,0.0,1.011374368437667,-1.0742545865731108
1.716272209712146,-26.711420778386163,-1.0031785674566922,2.0430497789100275
0.39083426557801343,0.0,1.1901401579709547,1.871060572538544
-0.424819853889145,0.0,-0.16091667446331684,-0.1713112531228224
-1.582757398489843,0.0,1.4239108058221774,0.7101334295310305
1.1093867041562244,0.0,0.7707281132967025,-0.49379101506935397
0.3956893496224608,0.0,-0.9963029601669504,-0.7517748246265792
-1.3618510744674877,0.0,-0.930984690914403,-1.0527559357766754
-0.6093130475781451,0.0,0.9151158663812812,0.06517390563796743
0.7986613253115926,0.0,-0.8691042253067264,-0.2573058563085641
-1.3424307382896983,0.0,-1.1166260877374328,-1.0742545865731108
1.4783730915342246,0.0,1.2898364636722115,1.4840848582027064
-0.12380464313340797,0.0,-0.4496921806324741,0.7961280327167723
1.0147125652895006,0.0,0.406320926940385,-0.988259983387369
1.5900400245565143,0.0,1.2107669798401803,-0.0638179991406452
0.038840672355578976,0.0,0.7260366659133806,0.9896158898846913
1.235618889311856,0.0,1.0801304413350854,-1.2462437929445942
0.7889511572226979,0.0,-0.11278742343512395,-1.375235697723207
-1.7017069575788037,0.0,-0.05090695782744738,-0.1928099039192578
0.0703987186444869,0.0,-0.15747887081844592,1.269098350238352
-0.03641313033335529,0.0,-0.8656664216618555,1.8280632709456732
-0.4321024799558161,0.0,1.441099824046532,0.7961280327167723
-1.4322497931119746,0.0,-1.4225906121309446,0.538144223159547
-0.43453002197803975,0.0,-0.6559603993247294,-0.6657802214408375
1.1021040780895532,0.0,0.7707281132967025,-1.2247451421481588
0.2694571644668291,0.0,-1.0856858549335944,1.957055175724286
1.2161985531340667,0.0,1.4239108058221774,0.7746293819203368
1.691996789489909,0.0,1.6886216864772383,-1.289241094537465
1.1846405068451586,0.0,1.8020692067579787,-0.9452626817944981
-0.4927910305114082,0.0,1.4307864131119192,1.4840848582027064
-0.7986613253115926,0.0,-0.9653627273631121,1.871060572538544
1.189495590889606,0.0,0.6710318075954459,-0.6872788722372729
1.4273947090675272,0.0,0.7707281132967025,-1.2462437929445942
-0.9127558003561058,0.0,0.3169380321737411,-0.10681530073351607
-0.19905844582234222,0.0,-1.2575760371771403,2.0430497789100275
-0.3956893496224608,0.0,-0.8175371706336626,-1.2032464913517233
-1.5779023144453959,0.0,1.3242145001209207,0.7961280327167723
-1.2089159270673955,0.0,1.705810704701593,1.7850659693528024
1.6264531548898695,0.0,0.7122854513338969,-1.4182329993160778
0.07282626066671058,0.0,1.4995424860093376,0.5596428739559824
-1.2963074398674481,0.0,-0.09216060156589842,-1.2247451421481588
1.3982642048008431,0.0,1.0698170304004726,0.49514692156667617
-0.9006180902449874,0.0,0.5197684472211254,0.043675254841531994
0.5219215347780924,0.0,-0.7384676868016314,0.06517390563796743
-0.9200384264227769,0.0,1.6508058463836581,0.9466185882918203
-1.1846405068451586,0.0,0.4372611597442233,-1.03125728498024
-0.7306901486893295,0.0,0.5128928399313836,-0.3647991102907413
-0.5971753374670267,0.0,-1.3710235574578808,0.12966985802727374
0.587465169378132,0.0,1.186702354326084,-1.3537370469267715
-0.7598206529560136,0.0,-0.9619249237182412,0.8606239851060786
-1.3764163266008298,0.0,1.2417072126440187,-1.2677424437410296
1.0486981536006323,0.0,0.794792738810799,-0.1928099039192578
1.3205828600896852,0.0,1.2932742673170825,-1.0097586341838045
-1.4079743728897378,0.0,-0.7831591341849534,-0.08531664993708063
0.2888775006446186,0.0,0.8532354007736046,0.5596428739559824
-1.1385172084229087,0.0,1.485791271429854,0.6886347787345951
1.157937544600698,0.0,0.5575842873147056,0.6671361279381597
0.3544211352446581,0.0,1.1798267470363422,0.043675254841531994
-0.21362369795568434,0.0,0.9426182955402486,0.8176266835132078
-1.3788438686230535,0.0,-1.3675857538130098,0.32315771519519265
-0.36413130333355287,0.0,-1.4982222923181048,-0.1713112531228224
0.4490952741113819,0.0,-0.7281542758670186,-0.8162707770158855
-0.04612329842225003,0.0,-0.8691042253067264,-0.42929506268004763
0.002427542022223686,0.0,-0.8691042253067264,1.957055175724286
1.0511256956228558,0.0,-1.357272342878397,0.36615501678806356
0.5364867869114346,0.0,1.4961046823644668,-0.9022653802016273
-0.8569223338449611,0.0,1.2038913725504385,-0.42929506268004763
-0.021847878200013174,0.0,-1.357272342878397,-0.9667613325909336
1.1627926286451455,0.0,-0.3362446603517338,1.8280632709456732
-0.3107253788446318,0.0,-0.800348152409308,-0.3433004594943059
-1.1239519562895666,0.0,-1.357272342878397,-0.02082069754777432
-1.373988784578606,0.0,1.1248218887184074,-1.2462437929445942
1.0875388259562113,0.0,-0.8691042253067264,1.0971091438668685
1.1676477126895928,0.0,0.1828636900237752,-1.181747840555288
-0.053405924488921085,0.0,-0.6250201665208911,-1.0527559357766754
1.483228175578672,0.0,-0.8622286180169846,0.49514692156667617
1.5536268942231588,0.0,0.11754542077122772,1.9140578741314151
0.6530088039781715,0.0,0.0006600968456164257,1.5055835089991418
-1.2161985531340667,0.0,-0.3465580712863465,-1.2462437929445942
1.6555836591565538,0.0,1.4582888422708866,-0.9022653802016273
1.6847141634232379,0.0,1.1076328704940528,0.1511685088237092
0.7452554008226715,0.0,0.8669866153530883,-1.1602491897588525
-0.3082978368224081,0.0,-0.8691042253067264,1.8280632709456732
-1.0341329014672902,0.0,-1.357272342878397,-1.289241094537465
1.6046052766898562,0.0,1.527044915168305,-0.3647991102907413
0.3568486772668818,0.0,1.142010906942762,-0.32180180869787045
1.444387503223093,0.0,-1.3641479501681388,1.6775727153706252
1.5050760537786851,0.0,0.7707281132967025,-0.49379101506935397
-0.5680448332003425,0.0,-0.8656664216618555,-0.42929506268004763
-1.313300234023014,0.0,-1.099437069513078,0.5596428739559824
1.4540976713119877,0.0,-1.1441285168964,-0.837769427812321
-1.3982642048008431,0.0,1.7711289739541403,-0.10681530073351607
0.16992794155565802,0.0,0.6435293784364785,-1.3107397453339005
1.5123586798453563,0.0,-0.9344224945592738,1.6990713661670607
-0.14808006335564483,0.0,-0.8622286180169846,-0.79477212621945
-0.45880544220027664,0.0,-0.9653627273631121,1.118607794663304
0.08981905482227637,0.0,-0.8828554398862101,-1.4612303009089487
-0.7282626066671057,0.0,1.870825279655397,0.12966985802727374
1.2429015153785272,0.0,0.5988379310531565,-1.375235697723207
1.4371048771564219,0.0,-0.5046970389504088,-1.5042276025018195
1.6313082389343168,0.0,1.2245181944196641,-0.3647991102907413
-0.750110484867119,0.0,1.1660755324568584,0.1081712072308383
0.6432986358892767,0.0,0.3066246212391283,-0.7732734754230146
-1.7041344996010275,0.0,0.5919623237634147,-0.79477212621945
1.2404739733563035,0.0,0.06941616974303483,-1.138750538962417
0.16750039953343432,0.0,1.1763889433914712,0.5596428739559824
0.07768134471115795,0.0,-0.28467760567866995,2.064548429706463
-1.1627926286451455,0.0,0.667594003950575,-0.6657802214408375
-0.71126981251154,0.0,-1.312580895495075,0.0006779532486611152
-1.522068847934251,0.0,-1.2094467861489475,1.5485808105920127
0.03641313033335529,0.0,0.3375648540429666,1.8280632709456732
0.9127558003561058,0.0,0.4957038217070289,-0.14981260232638693
-0.13594235324452641,0.0,-0.8691042253067264,-0.7302761738301438
-0.6530088039781715,0.0,-1.3332077173643007,0.32315771519519265
-0.07525380268893427,0.0,-0.8622286180169846,-0.10681530073351607
-1.2259087212229614,0.0,1.2451450162888895,-1.1172518881659816
0.04612329842225003,0.0,-1.192257767924593,1.1831037470526102
0.20876861391123697,0.0,-1.2919540736258497,-1.03125728498024
0.24518174424459227,0.0,-0.239986158295348,-0.9667613325909336
0.0873915128000527,0.0,0.09348079525713127,0.6671361279381597
-0.6797117662226321,0.0,1.4067217875978228,0.4091523183809344
-1.3497133643563692,0.0,1.4686022532054994,0.9251199374953849
-0.1869207357112238,0.0,0.4991416253518999,0.6026401755488534
0.7185524385782109,0.0,-0.6628360066144712,-1.0742545865731108
0.9418863046227901,0.0,1.1110706741389236,-0.3647991102907413
-0.6360160098226056,0.0,0.10379420619174404,-1.181747840555288
0.6093130475781451,0.0,0.4888282144172871,1.9140578741314151
-0.9564515567561322,0.0,1.39640837666321,-0.7302761738301438
0.5413418709558819,0.0,-1.267889448111753,0.022176604045096554
0.9321761365338953,0.0,1.5923631844208526,1.6775727153706252
0.15779023144453957,0.0,-0.16435447810818773,0.1511685088237092
-0.8860528381116454,0.0,-0.8656664216618555,-0.14981260232638693
1.2696044776229876,0.0,0.7707281132967025,0.49514692156667617
0.6360160098226056,0.0,-1.0238053893259178,0.32315771519519265
-0.5510520390447766,0.0,-1.4260284157758154,-0.8592680786087564
1.4735180074897773,0.0,1.7229997229259475,-0.1713112531228224
0.14808006335564483,0.0,1.8398850468515588,0.4091523183809344
1.6822866214010141,0.0,1.6026765953554654,0.06517390563796743
-1.621598070845422,0.0,0.3169380321737411,-1.3322383961303361
1.56090952028983,0.0,-0.8656664216618555,1.1401064454597394
-1.335148112223027,0.0,-0.6972140430631804,-0.7732734754230146
-0.6942770183559741,0.0,-1.0272431929707888,-1.289241094537465
0.22818895008902645,0.0,-1.494784488673234,0.581141524752418
-1.5511993522009353,0.0,0.048789347873809306,0.043675254841531994
1.0778286578673164,0.0,0.10723200983661495,-0.7302761738301438
0.5971753374670267,0.0,-0.5253238608196343,-1.5042276025018195
0.23547157615569753,0.0,-1.4294662194206864,0.7101334295310305
0.04369575640002635,0.0,-0.013091117733867254,0.2801604136023218
-0.8156541194671584,0.0,-0.24686176558508982,-0.1713112531228224
1.4808006335564483,0.0,-0.6147067555862783,0.7531307311239014
-1.3230104021119087,0.0,1.2863986600273407,-0.8592680786087564
0.4005444336669082,0.0,0.3685050868468049,-0.1928099039192578
-0.7549655689115663,0.0,-0.8622286180169846,-0.7087775230337083
-1.4152569989564088,0.0,0.2172417264724844,0.1081712072308383
0.8423570817116189,0.0,1.227955998064535,0.47364827077024074
0.3447109671557634,0.0,-0.3224934457722501,0.23716311200945092
-1.69927941555658,0.0,0.8601110080633465,-1.2032464913517233
0.43938510602248715,0.0,-0.7522189013811151,0.5166455723631116
0.4078270597335792,0.0,0.7982305424556699,1.720570016963496
0.6481537199337241,0.0,-1.2919540736258497,0.1081712072308383
0.16507285751121065,0.0,-1.3916503793271062,-0.9667613325909336
0.4272473959113687,0.0,-0.7006518467080514,-1.3537370469267715
-0.4442401900669345,0.0,-1.271327251756624,0.8176266835132078
0.8739151280005268,0.0,0.49226601806215803,0.0006779532486611152
-0.33257325704464497,0.0,-0.06809597605180198,-1.4612303009089487
-1.383698952667501,0.0,0.3238136394634829,-0.5152896658657894
-0.5194939927558687,0.0,1.1729511397466001,2.0430497789100275
-0.5389143289336582,0.0,1.2657718381581151,-0.7302761738301438
0.7476829428448952,0.0,0.15536126086480784,-1.3107397453339005
-1.2987349818896718,0.0,-0.8587908143721137,0.8176266835132078
1.196778216956277,0.0,0.7329122732031225,-0.7517748246265792
0.9200384264227769,0.0,0.4957038217070289,-1.2677424437410296
-0.7161248965559873,0.0,-0.5356372717542471,0.2586617628058864
1.429822251089751,0.0,0.7707281132967025,0.19416581041658004
0.5000736565780792,0.0,-1.4122772011963318,-0.08531664993708063
-0.6627189720670662,0.0,0.5541464836698345,-0.32180180869787045
-0.3180080049113028,0.0,1.2142047834850513,0.2156644612130155
1.3788438686230535,0.0,-0.8656664216618555,-0.6012842690515311
-1.3472858223341455,0.0,1.5132937005888214,0.0006779532486611152
0.9807269769783691,0.0,0.7707281132967025,-0.3862977610871768
-0.3447109671557634,0.0,1.3448413219901463,-0.300303157901435
0.9952922291117112,0.0,-0.8656664216618555,0.06517390563796743
-0.29616012671128966,0.0,-1.1097504804476908,-0.42929506268004763
0.33985588311131604,0.0,-0.33280685670686283,-1.375235697723207
-1.6652938272454485,0.0,1.351716929279888,-1.138750538962417
-1.3157277760452377,0.0,-0.3774983040901848,0.23716311200945092
0.48308086242251347,0.0,1.32077669647605,-1.3537370469267715
1.3642786164897114,0.0,0.5644598946044473,-0.49379101506935397
0.49036348848918454,0.0,0.2928734066596447,0.12966985802727374
1.1142417882006719,0.0,1.4720400568503702,0.4306509691773699
0.7039871864448689,0.0,-0.4531299842773451,-0.6872788722372729
-0.10923939100006586,0.0,-0.8691042253067264,0.47364827077024074
-0.16992794155565802,0.0,0.7844793278761862,1.957055175724286
0.7428278588004479,0.0,0.7707281132967025,-0.49379101506935397
0.7234075226226584,0.0,1.5476717370375306,-1.525726253298255
1.0996765360673297,0.0,-0.8691042253067264,-0.7517748246265792
0.2913050426668423,0.0,-0.18498129997741328,-0.2788045071049996
-0.7136973545337636,0.0,0.19317710095838797,-0.9237640309980627
1.5876124825342905,0.0,1.007936564792796,1.9140578741314151
1.6434459490454352,0.0,-0.8656664216618555,0.7531307311239014
0.8909079221560927,0.0,0.4957038217070289,-0.49379101506935397
1.4176845409786325,0.0,0.6504049857262204,-0.8162707770158855
-1.3011625239118956,0.0,-0.8966066544656938,1.9140578741314151
-0.8544947918227374,0.0,-0.25029956922996077,-1.1172518881659816
0.4806533204002898,0.0,0.14504784993019507,1.9140578741314151
-0.6044579635336977,0.0,-1.2163223934386893,0.06517390563796743
1.3157277760452377,0.0,-0.8622286180169846,0.5596428739559824
-1.4104019149119615,0.0,0.9563695101197323,-1.5042276025018195
0.7622481949782374,0.0,-0.8691042253067264,-0.7087775230337083
1.5414891841120404,0.0,-1.4122772011963318,0.4091523183809344
-1.3812714106452773,0.0,1.3826571620837265,0.6886347787345951
-1.3108726920007903,0.0,-0.22967274736073523,1.6990713661670607
1.638590865000988,0.0,-0.8691042253067264,0.4521496199738053
0.8375019976671716,0.0,0.7707281132967025,1.6775727153706252
0.5728999172447898,0.0,0.6194647529223821,-0.6442815706444021
-1.7284099198232643,0.0,1.1110706741389236,1.0541118422739975
1.3302930281785799,0.0,1.7298753302156893,1.6990713661670607
1.5779023144453959,0.0,1.4101595912426936,0.6026401755488534
1.2477565994229745,0.0,-1.195695571569464,-1.525726253298255
1.313300234023014,0.0,0.2653709775006773,-1.289241094537465
0.4296749379335924,0.0,-0.7865969378298243,-1.181747840555288
-0.5923202534225793,0.0,0.42694774880961056,0.9681172390882558
1.4201120830008562,0.0,-1.3744613611027516,-1.1602491897588525
1.2987349818896718,0.0,1.5889253807759816,0.4091523183809344
-1.4201120830008562,0.0,-0.5975177373619237,0.6671361279381597
-1.0219951913561718,0.0,-0.8622286180169846,-0.9022653802016273
-0.9880096030450402,0.0,0.27568438843529003,-1.525726253298255
1.2064883850451718,0.0,0.5300818581557382,-1.0957532373695462
0.9224659684450006,0.0,-0.9447359054938866,-1.2677424437410296
1.5269239319786985,0.0,0.08660518796738943,-0.3862977610871768
-1.500220969734238,0.0,-0.8175371706336626,2.0215511281135923
-1.7089895836454747,0.0,-0.9378602982041448,-1.289241094537465
-0.4053995177113555,0.0,-0.2915532129684118,0.387653667584499
-1.599750192645409,0.0,-0.9756761382977249,0.1511685088237092
-0.2500368282890396,0.0,-1.0650590330643688,-0.08531664993708063
0.012137710111118428,0.0,-0.3499958749312174,0.4521496199738053
-1.1069591621340007,0.0,1.5511095406824014,0.08667255643440286
-1.2429015153785272,0.0,1.0870060486248272,-1.181747840555288
1.522068847934251,0.0,0.8291707752595082,1.1401064454597394
0.7355452327337768,0.0,0.16223686815454968,-0.6657802214408375
-0.7379727747560004,0.0,-0.8037859560541789,0.0006779532486611152
0.5559071230892241,0.0,1.5442339333926596,0.4521496199738053
0.3082978368224081,0.0,-1.102874873157949,0.4521496199738053
0.32043554693352655,0.0,1.4135973948875646,-1.2247451421481588
0.13351481122230272,0.0,-0.15060326352870407,1.1401064454597394
0.7840960731782505,0.0,0.7501012914274771,-0.3433004594943059
-0.5461969550003293,0.0,-1.1716309460553673,1.871060572538544
0.8520672498005137,0.0,-0.8484774034375009,-0.08531664993708063
-1.3278654861563561,0.0,1.310463285541437,-1.2032464913517233
-1.5196413059120273,0.0,-1.0341188002605306,1.0756104930704329
0.4321024799558161,0.0,-0.4668811988568287,-0.5367883166622248
-0.1019567649333948,0.0,-0.8656664216618555,2.0215511281135923
-0.8909079221560927,0.0,0.41319653423012687,-1.03125728498024
-1.6677213692676722,0.0,-0.972238334652854,-0.3862977610871768
-0.3738414714224476,0.0,0.3960075160057723,-0.7732734754230146
1.352140906378593,0.0,-1.357272342878397,0.06517390563796743
-0.9030456322672111,0.0,1.100757263204311,0.7961280327167723
1.4104019149119615,0.0,-1.4122772011963318,-0.5152896658657894
1.5754747724231721,0.0,0.13473443899558232,-0.08531664993708063
0.18206565166677643,0.0,-0.58376652278244,0.043675254841531994
0.6578638880226189,0.0,0.007535704135358266,1.9785538265207214
-0.5826100853336846,0.0,-1.226635804373302,-1.482728951705384
0.4126821437780266,0.0,-1.491346685028363,0.1511685088237092
0.25974699637793436,0.0,0.6504049857262204,-1.4612303009089487
-0.28402241660017125,0.0,1.399846180308081,-1.2677424437410296
1.5439167261342641,0.0,-0.8656664216618555,-0.5367883166622248
-1.1700752547118165,0.0,-1.1372529096066581,1.6345754137777544
-1.4808006335564483,0.0,1.392970573018339,1.871060572538544
-0.7695308210449084,0.0,-1.4535308449347828,-0.21430855471569327
1.5487718101787116,0.0,0.7707281132967025,1.0971091438668685
0.672429140155961,0.0,0.014411311425100107,1.8495619217421086
0.9758718929339217,0.0,-0.8656664216618555,0.731632080327466
-1.0414155275339612,0.0,1.7092485083464637,-0.0638179991406452
-0.2184787820001317,0.0,1.740188741150302,0.08667255643440286
-1.4977934277120142,0.0,1.6817460791874965,-1.4182329993160778
-1.1215244142673428,0.0,1.5545473443272724,0.1081712072308383
1.4856557176008958,0.0,0.8119817570351536,-1.375235697723207
-1.344858280311922,0.0,1.1695133361017294,2.0430497789100275
-1.2113434690896192,0.0,1.5373583261029178,-0.10681530073351607
-0.9467413886672374,0.0,1.8330094395618168,0.1511685088237092
-0.6602914300448426,0.0,-0.5081348425952797,-1.1602491897588525
1.5633370623120537,0.0,0.148485653575066,-1.181747840555288
-0.6384435518448294,0.0,0.10379420619174404,-1.2462437929445942
-0.973444350911698,0.0,-0.023404528668480015,0.7101334295310305
0.1189495590889606,0.0,0.4097587305852559,0.32315771519519265
-1.3569959904230404,0.0,-1.016929782036176,0.043675254841531994
-0.41753722782247393,0.0,-0.6834628284836967,-0.02082069754777432
0.19905844582234222,0.0,0.9185536700261522,-0.9237640309980627
-0.9758718929339217,0.0,-1.3538345392335263,0.12966985802727374
-0.9637341828228032,0.0,0.8876134372223139,0.5596428739559824
-0.5146389087114214,0.0,-0.43250316240811953,0.2586617628058864
-1.0171401073117243,0.0,-0.8691042253067264,0.0006779532486611152
0.7015596444226452,0.0,0.9494939028299905,0.8176266835132078
0.8787702120449743,0.0,0.4957038217070289,-1.2462437929445942
