Phage,Host,label
accession,accession,1
AB002632,GCF_000237705,1
AB008550,GCF_000629305,1
AB009866,GCF_000640195,1
AB012573,GCF_000491395,1
AB012574,GCF_000491075,1
AB043678,GCF_000878735,1
AB043679,GCF_000491035,1
AB044554,GCF_000636215,1
AB063393,AE017221,1
AB102868,CP007290,1
AB255436,GCF_000163215,1
AB285204,GCF_000488055,1
AB362338,GCF_000329565,1
AB370205,GCF_000554985,1
AB370268,GCF_000507705,1
AB426868,GCF_000603545,1
AB451219,GCF_000825885,1
AB560486,GCF_000795765,1
AB572858,GCF_000279345,1
AB597179,GCF_000750585,1
AB609718,GCF_000391225,1
AB626962,GCF_000594585,1
AB626963,GCF_000558285,1
AB647160,GCF_000591395,1
AB711120,GCF_000830605,1
AB712291,GCF_000393155,1
AB720063,CP006857,1
AB720064,GCF_000741885,1
AB731695,GCF_000274185,1
AB828698,GCF_000331875,1
AB830321,GCF_000223115,1
AB854109,FP885895,1
AB863625,GCF_000825805,1
AB903967,GCF_000361385,1
AB910393,GCF_000480495,1
AB931172,GCF_000167955,1
AB937974,GCF_000825905,1
AB971354,GCF_000387805,1
AB981169,GCF_000825785,1
AB981170,GCF_000825825,1
AE002163,AE001363,1
AF063097,GCF_000713945,1
AF065411,CP001710,1
AF074945,CP001047,1
AF125163,GCF_000500735,1
AF165214,GCF_000412495,1
AF176027,GCF_000486265,1
AF176028,GCF_000166555,1
AF176029,GCF_000601135,1
AF176030,CP003386,1
AF176031,GCF_000486425,1
AF176032,GCF_000357585,1
AF176033,GCF_000507665,1
AF189021,CP000362,1
AF195902,CP006811,1
AF222060,GCF_000337035,1
AF232233,GCF_000482005,1
AF242738,CP009054,1
AF246223,AL445566,1
AF306496,CP002190,1
AF323668,CP004884,1
AF323669,GCF_000759595,1
AF323670,CP002094,1
AF323671,GCF_000731635,1
AF323672,CP010050,1
AF323673,GCF_000534815,1
AF334111,GCF_000592595,1
AF335538,GCF_000178695,1
AF338467,GCF_000153285,1
AF396866,GCF_000278585,1
AF424781,GCF_000642655,1
AF424782,GCF_000547325,1
AF424783,GCF_000536995,1
AF448724,CP001830,1
AF452449,GCF_000348465,1
AF453500,GCF_000174255,1
AF493143,CP002870,1
AF527608,GCF_000388995,1
AF547987,GCF_000815805,1
AJ131519,GCF_000177035,1
AJ242593,GCF_000728845,1
AJ251789,HE970764,1
AJ251805,AM286415,1
AJ278322,CP009927,1
AJ298298,GCF_000617745,1
AJ312240,GCF_000729055,1
AJ344259,CP001403,1
AJ414696,CP003928,1
AJ536073,CP009600,1
AJ550635,CM002309,1
AJ556162,GCF_000250375,1
AJ560763,GCF_000318155,1
AJ564013,GCF_000284995,1
AJ567472,CP002535,1
AJ609634,GCF_000279595,1
AJ630128,CT971583,1
AJ697969,GCF_000796475,1
AJ748296,CP001400,1
AJ783769,AHJO01000001,1
AJ842011,CP008902,1
AJ854042,CP002535,1
AJ972879,GCF_000284995,1
AM040673,CP002986,1
AM156909,GCF_000752615,1
AM183667,AE009952,1
AM265638,GCF_000506225,1
AM265639,GCF_000824045,1
AM491472,GCF_000748665,1
AM749441,GCF_000568115,1
AM910650,GCF_000795705,1
AM910651,GCF_000647935,1
AP000363,GCF_000617545,1
AP001553,GCF_000572645,1
AP005153,GCF_000798035,1
AP005154,GCF_000461915,1
AP008953,GCF_000545065,1
AP008954,GCF_000559865,1
AP008983,GCF_000965295,1
AP009146,AP008232,1
AP009363,GCF_000548225,1
AP009390,GCF_000394255,1
AP009624,GCF_000789645,1
AP011616,GCF_000401495,1
AP011617,AP008226,1
AP013029,CP004405,1
AP013057,CP001600,1
AY007505,GCF_000722705,1
AY055382,GCF_000516855,1
AY082070,GCF_000171155,1
AY095314,GCF_000491995,1
AY150271,GCF_000389135,1
AY212251,GCF_000339095,1
AY266303,GCF_000586035,1
AY320035,FR845719,1
AY374414,GCF_000607185,1
AY375531,CP000644,1
AY388628,AHJR01000001,1
AY394005,GCF_000823945,1
AY453853,GCF_000774815,1
AY510084,GCF_000348165,1
AY569307,CP001800,1
AY605066,GCF_000309785,1
AY699705,CM002370,1
AY730274,GCF_000414805,1
AY739900,GCF_000751695,1
AY769964,CM001168,1
AY772740,GCF_000711805,1
AY939844,GCF_000635235,1
AY940168,GCF_000759855,1
AY950802,CP006884,1
AY954948,GCF_000587295,1
AY962392,GCF_000647955,1
BK000583,CP007341,1
CP000315,GCF_000243175,1
CP000622,CP004097,1
CP000623,GCF_000877335,1
CP000624,GCF_000464685,1
CP000625,GCF_000774955,1
CP000917,GCF_000779395,1
CP002495,GCF_000648135,1
CP002889,CP002888,1
CP003186,CP003184,1
CP004084,GCF_000185685,1
CP008753,GCF_000152365,1
CU468217,HE577327,1
DQ003637,GCF_000168555,1
DQ003638,GCF_000728365,1
DQ003639,GCF_000801405,1
DQ003640,GCF_000726885,1
DQ003641,GCF_000727945,1
DQ003642,GCF_000728055,1
DQ113772,GCF_000251665,1
DQ114220,CP003022,1
DQ123818,GCF_000285995,1
DQ126339,GCF_000714345,1
DQ150593,CP010322,1
DQ221100,GCF_000697515,1
DQ222851,CP008752,1
DQ222853,CP009590,1
DQ222855,GCF_000319715,1
DQ289555,GCF_000291415,1
DQ289556,GCF_000399025,1
DQ320509,GCF_000176995,1
DQ340064,GCF_000447395,1
DQ372923,GCF_000716885,1
DQ394806,GCF_000447885,1
DQ394807,CP004884,1
DQ394808,GCF_000447905,1
DQ394809,CP001834,1
DQ426904,GCF_000176275,1
DQ426905,CP006957,1
DQ453159,CP003125,1
DQ490056,CP000425,1
DQ517338,GCF_000557265,1
DQ674738,GCF_000754915,1
DQ777876,CP007221,1
DQ785801,AP008232,1
DQ832317,GCF_000776915,1
DQ838728,GCF_000447965,1
DQ840344,CP010556,1
DQ873690,GCF_000789745,1
EF056009,GCF_000619005,1
EF057797,GCF_000490915,1
EF071488,AL096836,1
EF116926,GCF_000440095,1
EF207558,AP012976,1
EF372997,CP006882,1
EF380009,GCF_000752175,1
EF380010,GCF_000713425,1
EF380011,GCF_000351765,1
EF380012,GCF_000316825,1
EF380013,GCF_000781115,1
EF380014,GCF_000264015,1
EF380015,GCF_000397485,1
EF380016,GCF_000781455,1
EF380017,GCF_000797795,1
EF380018,GCF_000460475,1
EF380019,GCF_000350925,1
EF380020,GCF_000163195,1
EF380021,GCF_000250355,1
EF380022,GCF_000356245,1
EF380023,GCF_000320155,1
EF380024,GCF_000355315,1
EF380025,GCF_000599725,1
EF380026,GCF_000617565,1
EF380027,GCF_000459515,1
EF380028,GCF_000267785,1
EF380029,GCF_000614805,1
EF380030,GCF_000780315,1
EF380031,GCF_000647495,1
EF380032,GCA_000778625,1
EF432053,CP002535,1
EF437941,GCF_000627295,1
EF455602,GCF_000409675,1
EF523948,GCF_000504665,1
EF529515,GCF_000335515,1
EF536069,CP009494,1
EF537008,GCF_000353285,1
EF579802,GCF_000304335,1
EF583821,AE017355,1
EF602154,GCF_000333155,1
EU030938,CP003928,1
EU030939,CP001404,1
EU056923,GCF_000797245,1
EU078592,GCF_000776855,1
EU081845,GCF_000488975,1
EU100883,AP008226,1
EU100884,AE017221,1
EU124666,GCF_000764205,1
EU136189,GCF_000546185,1
EU203571,CM001762,1
EU246945,GCF_000784375,1
EU272036,GCF_000481245,1
EU272037,GCF_000481245,1
EU311208,GCF_000948715,1
EU330206,GCF_000618345,1
EU340421,CP002341,1
EU408779,GCF_000783215,1
EU409559,GCF_000615095,1
EU418428,GCF_000603085,1
EU438902,CP002094,1
EU545650,CP002535,1
EU570103,CP007371,1
EU588980,GCF_000243175,1
EU652770,GCF_000747035,1
EU716414,GCF_000795325,1
EU717894,GCF_000321125,1
EU719189,GCF_000531535,1
EU734170,GCF_000169655,1
EU734171,GCF_000276885,1
EU734172,GCF_000176575,1
EU734173,GCF_000492595,1
EU734174,GCF_000352845,1
EU771092,GCF_000735115,1
EU794049,CP001277,1
EU826470,CM001762,1
EU855793,GCF_000726355,1
EU861004,GCF_000555405,1
EU861005,GCF_000541375,1
EU863408,GCF_000235165,1
EU863409,GCF_000462445,1
EU871039,GCF_000466805,1
EU874396,GCF_000530375,1
EU876853,GCF_000285415,1
EU877232,GCF_000797895,1
FJ000341,GCF_000748965,1
FJ008913,GCF_000598645,1
FJ168659,CM001762,1
FJ168660,CP009495,1
FJ168661,CM001762,1
FJ168662,CM001762,1
FJ174690,GCF_000521845,1
FJ174691,CP009496,1
FJ174692,CM001762,1
FJ174693,CP009494,1
FJ174694,CP009494,1
FJ226752,CM003139,1
FJ230960,GCF_000952875,1
FJ236310,GCF_000335495,1
FJ373894,GCF_000211955,1
FJ429185,GCF_000284735,1
FJ483837,GCF_000779795,1
FJ483838,CP000946,1
FJ483839,GCF_000250435,1
FJ483840,GCF_000776735,1
FJ483841,GCF_000326205,1
FJ483842,GCF_000397665,1
FJ483843,GCA_000778875,1
FJ483844,GCF_000350005,1
FJ591093,CP000031,1
FJ591094,GCF_000152605,1
FJ608823,CM001763,1
FJ608824,GCF_000334035,1
FJ608825,GCF_000597765,1
FJ641182,CM001762,1
FJ685651,GCF_000336995,1
FJ713816,GCF_000561105,1
FJ750948,GCF_000616265,1
FJ792813,GCF_000519445,1
FJ849058,GCF_000752695,1
FJ870915,CP002818,1
FJ870916,CP001404,1
FJ870917,CP002535,1
FJ896200,GCF_000878575,1
FJ904927,GCF_000788875,1
FJ937737,GCF_000333135,1
FJ965538,GCF_000500565,1
FJ973624,CP009494,1
FJ982340,GCF_000297475,1
FM163528,GCF_000959965,1
FM180578,GCA_000777315,1
FM201281,GCF_000794605,1
FM201282,GCF_000792085,1
FM887021,GCF_000794645,1
FN263372,GCF_000794645,1
FN391954,GCF_000959945,1
FN422398,GCF_000756575,1
FN422399,GCF_000412495,1
FN594518,AM181176,1
FQ312032,CP007417,1
FR667955,GCF_000524725,1
FR687252,GCF_000627115,1
FR751545,GCF_000475055,1
FR775895,GCF_000459615,1
FR823450,GCF_000168115,1
FR852584,GCF_000601665,1
GQ149088,GCF_000456585,1
GQ241246,HE614873,1
GQ303259,CP009495,1
GQ303260,CP009496,1
GQ303261,CP009496,1
GQ303262,GCF_000521845,1
GQ303263,GCF_000521845,1
GQ303264,CM001762,1
GQ334450,AE017126,1
GQ357915,GCF_000411195,1
GQ357916,GCF_000952225,1
GQ379227,BA000030,1
GQ398772,GCF_000562165,1
GQ403789,CP002777,1
GQ413937,GCF_000693695,1
GQ413938,GCF_000281635,1
GQ421471,GCF_000732705,1
GQ443085,GCF_000171135,1
GQ452243,GCF_000390685,1
GQ468526,GCF_000776335,1
GQ478081,GCF_000391685,1
GQ478082,GCF_000390765,1
GQ478083,GCF_000415085,1
GQ478084,GCF_000147595,1
GQ478085,GCF_000390505,1
GQ478086,GCF_000392995,1
GQ478087,GCF_000148005,1
GQ478088,GCF_000391345,1
GQ502199,AP008232,1
GQ866233,GCF_000318155,1
GQ979703,AE005176,1
GQ981382,GCF_000281815,1
GU060500,GCF_000521845,1
GU070616,GCF_000272595,1
GU071094,CM001776,1
GU071095,GCF_000153045,1
GU071096,BX548020,1
GU071097,BX548020,1
GU071098,CP006882,1
GU071099,CP000825,1
GU071100,CP000552,1
GU071101,CP000576,1
GU071102,GCF_000634875,1
GU071103,GCF_000634335,1
GU071104,GCF_000759855,1
GU071105,GCF_000153065,1
GU071106,CP006882,1
GU071107,CP000435,1
GU071108,CT971583,1
GU075905,CP000825,1
GU080336,AHJT01000001,1
GU247132,GCF_000521845,1
GU295964,GCF_000529705,1
GU296433,GCF_000254575,1
GU321093,CP006884,1
GU323318,AGTD01000001,1
GU339467,CP009496,1
GU385905,CP001509,1
GU396103,GCF_000647955,1
GU459069,GCF_000234845,1
GU477322,GCF_000558665,1
GU557055,CP001751,1
GU573886,CP001127,1
GU580940,FN563149,1
GU580941,CM001149,1
GU580942,GCF_000473915,1
GU580943,GCF_000473915,1
GU583987,GCF_000952735,1
GU595417,GCF_000231605,1
GU815091,GCF_000789745,1
GU815339,GCF_000159255,1
GU911303,CP000958,1
GU911304,GCF_000181975,1
GU911519,GCF_000368805,1
GU936714,CP000097,1
GU936715,GCF_000153285,1
GU949551,GCF_000449285,1
GU988610,GCF_000412515,1
HE600015,GCF_000803195,1
HE608841,GCF_000263115,1
HE611333,CP002290,1
HE614281,CP004014,1
HE664024,GCF_000249775,1
HE775250,GCF_000494405,1
HE806280,GCF_000163355,1
HE815464,GCF_000255095,1
HE861935,GCF_000335515,1
HE956708,GCF_000755045,1
HE956709,CP002246,1
HE956710,GCF_000401935,1
HE962497,GCF_000278905,1
HE978309,GCF_000776615,1
HE983844,GCF_000789555,1
HE983845,CP006931,1
HF543949,GCF_000482005,1
HF563658,GCF_000203775,1
HG007973,GCF_000355745,1
HG322870,AE006641,1
HG380752,CM003139,1
HG424323,CP000023,1
HG428758,GCF_000292105,1
HG518155,GCF_000482005,1
HG798806,GCF_000795845,1
HG799490,GCF_000251225,1
HG799496,GCF_000355965,1
HG799497,GCF_000355965,1
HG813241,GCF_000319515,1
HG818823,FN543502,1
HG818824,FN543502,1
HG934469,GCF_000484435,1
HG934470,GCF_000474295,1
HG962375,GCF_000568215,1
HG962376,GCA_000615525,1
HM004124,GCF_000368805,1
HM029250,CP010050,1
HM035024,GCF_000565845,1
HM035025,GCF_000566185,1
HM064452,GCF_000750585,1
HM066936,CP001340,1
HM071924,GCF_000350665,1
HM072038,GCF_000696615,1
HM114277,CM001149,1
HM114315,GCF_000301735,1
HM134276,GCF_000458475,1
HM137666,GCF_000459135,1
HM144385,GCF_000620985,1
HM144386,GCF_000620985,1
HM144387,CP001186,1
HM150760,GCF_000543365,1
HM151342,CP000362,1
HM152763,CP009494,1
HM152764,CM001762,1
HM152765,CP009494,1
HM152766,CP009495,1
HM152767,CM001762,1
HM173637,GCF_000350745,1
HM208537,GCF_000358955,1
HM242243,GCF_000620985,1
HM452125,GCF_000746985,1
HM452126,GCF_000746985,1
HM461982,AM747720,1
HM480106,AP008231,1
HM486077,CP001966,1
HM563683,GCF_000249875,1
HM568888,FN668375,1
HM588722,GCF_000724565,1
HM624080,GCF_000233495,1
HM997019,GCF_000231605,1
HM997020,GCF_000779095,1
HQ110084,GCF_000367685,1
HQ141410,GCF_000565485,1
HQ141411,GCF_000160835,1
HQ163896,GCF_000608085,1
HQ201307,GCF_000684935,1
HQ201308,GCF_000319595,1
HQ224500,GCF_000237565,1
HQ225832,GCF_000367525,1
HQ259103,GCF_000524805,1
HQ268735,GCF_000211875,1
HQ316579,GCF_000256485,1
HQ316580,CP000020,1
HQ316581,GCF_000152765,1
HQ316582,GCF_000152765,1
HQ316583,CP000239,1
HQ316584,GCF_000759875,1
HQ316603,CP006882,1
HQ316604,GCF_000489595,1
HQ317290,CT971583,1
HQ317291,CT971583,1
HQ317292,CT971583,1
HQ317383,CT971583,1
HQ317384,GCF_000735125,1
HQ317385,CT971583,1
HQ317386,GCF_000489035,1
HQ317387,GCF_000735125,1
HQ317388,CP000110,1
HQ317389,CT971583,1
HQ317390,CP000083,1
HQ317391,CP006882,1
HQ317392,CP009887,1
HQ317393,GCF_000438785,1
HQ331142,CP007346,1
HQ332137,GCF_000759975,1
HQ332138,GCF_000217775,1
HQ332140,CP000554,1
HQ332141,GCF_000337415,1
HQ332142,GCF_000735125,1
HQ333270,GCF_000269445,1
HQ337021,GCF_000158595,1
HQ337022,GCF_000760075,1
HQ377373,AP014595,1
HQ403646,GCF_000248035,1
HQ424691,GCF_000303855,1
HQ615693,GCF_000515235,1
HQ632825,GCF_000760155,1
HQ632859,GCF_000152725,1
HQ633071,CT971583,1
HQ634152,CP000095,1
HQ634153,GCF_000236035,1
HQ634156,GCF_000438785,1
HQ634157,GCF_000275705,1
HQ634174,CP000551,1
HQ634175,GCF_000760255,1
HQ634176,GCF_000759955,1
HQ634177,CT971583,1
HQ634178,CT971583,1
HQ634187,CT971583,1
HQ634188,CT971583,1
HQ634189,CT971583,1
HQ634190,GCF_000515235,1
HQ634191,CT971583,1
HQ634192,GCF_000568425,1
HQ634193,CP000095,1
HQ634194,GCF_000454265,1
HQ634196,GCF_000519385,1
HQ641340,GCF_000302965,1
HQ641341,GCF_000788995,1
HQ641343,AE003852,1
HQ641344,GCF_000237425,1
HQ641345,GCF_000279325,1
HQ641346,GCF_000786335,1
HQ641347,GCF_000348365,1
HQ641348,GCF_000305075,1
HQ641349,CP003330,1
HQ641350,GCF_000348105,1
HQ641351,GCF_000736945,1
HQ641352,GCF_000736945,1
HQ641353,GCF_000234375,1
HQ641354,GCF_000279955,1
HQ641380,GCF_000692355,1
HQ665011,GCF_000326505,1
HQ683709,GCF_000464725,1
HQ698895,GCF_000179235,1
HQ698922,GCF_000515795,1
HQ711984,CP007147,1
HQ711985,GCF_000794515,1
HQ728263,GCF_000696075,1
HQ728264,GCF_000367605,1
HQ728265,GCF_000367585,1
HQ728266,FN666575,1
HQ728524,CP009494,1
HQ829472,GCF_000798435,1
HQ832595,GCF_000478465,1
HQ918180,GCF_000693615,1
JF270478,GCF_000247495,1
JF344709,CP002930,1
JF461087,GCF_000962525,1
JF501022,GCF_000281375,1
JF719726,GCF_000779495,1
JF719727,GCF_000498195,1
JF719728,GCF_000752875,1
JF719732,GCF_000249575,1
JF719733,GCF_000780195,1
JF719734,GCF_000797575,1
JF734911,GCF_000274705,1
JF744988,CP009496,1
JF767208,CP000246,1
JF767209,GCF_000171215,1
JF767210,GCF_000243175,1
JF770475,GCF_000797605,1
JF773396,CP004005,1
JF792674,GCF_000521845,1
JF832915,GCF_000600995,1
JF900176,GCF_000487335,1
JF912400,CP003312,1
JF917095,GCF_000430485,1
JF923796,GCF_000248035,1
JF923797,GCF_000327325,1
JF939047,CP007783,1
JF946695,CM001762,1
JF966203,GCF_000948245,1
JF974286,GCF_000760075,1
JF974287,GCF_000272425,1
JF974288,CT971583,1
JF974289,CT971583,1
JF974292,BX548020,1
JF974293,CT971583,1
JF974294,GCF_000803185,1
JF974295,GCF_000511065,1
JF974296,GCF_000576475,1
JF974307,GCF_000756565,1
JF974308,GCF_000420265,1
JF974312,GCF_000152765,1
JF974313,GCF_000591515,1
JF974314,CP000628,1
JF974315,CP000628,1
JF974321,GCF_000760155,1
JF974339,GCF_000941535,1
JN022534,GCF_000803155,1
JN035618,GCF_000716975,1
JN116822,GCF_000469645,1
JN116823,CM001149,1
JN116824,FN563149,1
JN116825,GCF_000473915,1
JN116826,GCF_000454285,1
JN116827,GCF_000830355,1
JN116828,GCF_000308475,1
JN126049,GCF_000524805,1
JN132397,GCF_000254915,1
JN153085,CP009495,1
JN153086,CM001762,1
JN175269,GCF_000316215,1
JN190960,GCF_000506425,1
JN191664,GCF_000530375,1
JN192400,GCF_000276505,1
JN192401,GCF_000247025,1
JN192463,CP009496,1
JN201525,CP009496,1
JN202312,GCF_000457125,1
JN243855,GCF_000521845,1
JN243856,CP009494,1
JN243857,CP009494,1
JN254800,GCF_000520235,1
JN254801,GCF_000709285,1
JN255163,CP006574,1
JN256079,CP009496,1
JN377894,GCF_000234845,1
JN377895,CP006579,1
JN382248,CP009496,1
JN391180,GCF_000330125,1
JN398368,CM001762,1
JN398369,CP009495,1
JN408460,CP009494,1
JN408461,CP009494,1
JN412588,CP009494,1
JN412589,CP009495,1
JN412591,CP009494,1
JN412592,CP009494,1
JN412593,CP009496,1
JN542517,CM001762,1
JN561150,CP009496,1
JN564907,GCF_000152565,1
JN572689,CP009496,1
JN585957,FN392235,1
JN593240,GCF_000352525,1
JN600960,GCF_000326445,1
JN624850,CP009496,1
JN624851,CP009495,1
JN627160,GCF_000817905,1
JN638751,CP001982,1
JN643714,CP009496,1
JN651747,GCF_000647955,1
JN654439,CM000725,1
JN660814,CP009495,1
JN662425,GCF_000473485,1
JN673056,GCF_000167855,1
JN680858,CP009496,1
JN687951,CP009496,1
JN698989,CP009494,1
JN698992,CP009494,1
JN698993,CM001762,1
JN698994,GCF_000521845,1
JN698995,CP009495,1
JN698996,CP009495,1
JN698997,GCF_000521845,1
JN698998,CP009496,1
JN698999,GCF_000521845,1
JN699000,CP009496,1
JN699001,CM001762,1
JN699005,CP009494,1
JN699006,CP009494,1
JN699007,CM001762,1
JN699008,CP009496,1
JN699011,CP009495,1
JN699012,GCF_000521845,1
JN699014,CP009495,1
JN699015,GCF_000521845,1
JN699016,CM001762,1
JN699626,CP009494,1
JN699627,CP009496,1
JN700519,GCF_000269685,1
JN700520,GCF_000269685,1
JN700521,GCF_000263775,1
JN712910,GCF_000181615,1
JN790865,GCF_000399065,1
JN797796,GCF_000399025,1
JN797797,GCF_000290675,1
JN797798,CP009590,1
JN800508,CM001477,1
JN848801,GCF_000327165,1
JN849462,GCF_000732245,1
JN871591,GCF_000315995,1
JN880423,GCF_000419585,1
JN882264,GCF_000513435,1
JN882265,GCF_000296615,1
JN882266,GCF_000336875,1
JN882267,CP001690,1
JN882284,CP003312,1
JN882285,GCF_000214745,1
JN882286,GCF_000463095,1
JN882287,GCF_000409265,1
JN882298,GCF_000358755,1
JN939331,GCF_000366025,1
JN939332,GCF_000292065,1
JN968479,CP006884,1
JN984867,HE616528,1
JN986844,GCF_000304115,1
JN986845,GCF_000778075,1
JN986846,GCF_000397405,1
JN991020,GCF_000276565,1
JQ007353,FM200053,1
JQ010983,CP001463,1
JQ011317,GCF_000313425,1
JQ011318,GCF_000354415,1
JQ015307,CP009125,1
JQ031132,GCF_000506485,1
JQ062992,GCF_000530375,1
JQ066768,GCF_000506525,1
JQ067083,GCF_000790245,1
JQ067085,CP008739,1
JQ086369,GCF_000446605,1
JQ086370,GCF_000948475,1
JQ086371,GCF_000506585,1
JQ086372,GCF_000357185,1
JQ086373,CP002970,1
JQ086374,GCF_000617305,1
JQ086375,GCF_000456465,1
JQ086376,GCF_000459575,1
JQ086377,GCF_000358165,1
JQ177061,GCF_000220745,1
JQ177062,CP007656,1
JQ177063,GCF_000315855,1
JQ177064,GCF_000304755,1
JQ177065,GCF_000803215,1
JQ182726,GCF_000249375,1
JQ182727,GCF_000459895,1
JQ182728,GCF_000225105,1
JQ182729,GCA_000777915,1
JQ182730,GCF_000932215,1
JQ182731,AE014075,1
JQ182732,GCF_000622445,1
JQ182733,GCF_000522325,1
JQ182734,GCF_000303555,1
JQ182735,GCF_000506465,1
JQ182736,GCF_000607285,1
JQ245707,BX548020,1
JQ246028,GCF_000685115,1
JQ267364,GCF_000492395,1
JQ287645,AHJK01000001,1
JQ288021,GCF_000330245,1
JQ307386,GCF_000792925,1
JQ307387,GCF_000506005,1
JQ309827,GCF_000172875,1
JQ312117,GCF_000834635,1
JQ340389,GCF_000878565,1
JQ340774,GCF_000478345,1
JQ341413,GCF_000878185,1
JQ408219,GCF_000749995,1
JQ446452,GCF_000565345,1
JQ513383,GCF_000567685,1
JQ617284,GCF_000345965,1
JQ619704,CP001283,1
JQ659259,GCF_000160595,1
JQ660954,CP000312,1
JQ686190,GCF_000594425,1
JQ691611,CP004091,1
JQ691612,GCF_000319615,1
JQ729990,BA000016,1
JQ729991,GCF_000243175,1
JQ729992,CM001477,1
JQ740790,CP010050,1
JQ740791,AE005176,1
JQ740792,GCF_000493355,1
JQ740793,GCF_000447825,1
JQ740794,AM406671,1
JQ740795,AE005176,1
JQ740796,AE005176,1
JQ740797,GCF_000447885,1
JQ740798,GCF_000284735,1
JQ740799,CP003132,1
JQ740800,GCF_000786755,1
JQ740801,AE005176,1
JQ740802,AE005176,1
JQ740803,CP003132,1
JQ740805,GCF_000493355,1
JQ740806,AE005176,1
JQ740807,GCF_000348965,1
JQ740808,CP009054,1
JQ740809,CP003157,1
JQ740810,GCF_000805435,1
JQ740811,CP000425,1
JQ740812,GCF_000759595,1
JQ740814,CP002365,1
JQ762257,GCF_000792285,1
JQ768459,GCF_000367825,1
JQ779023,CP010298,1
JQ779024,GCF_000552165,1
JQ780163,GCF_000299535,1
JQ780327,GCF_000409265,1
JQ797329,GCF_000728305,1
JQ801337,CP009261,1
JQ806763,CP007417,1
JQ806764,GCF_000189175,1
JQ809650,CP004393,1
JQ809663,CP002986,1
JQ809701,CP009496,1
JQ809702,GCF_000521845,1
JQ809703,CP009494,1
JQ823122,GCF_000747685,1
JQ823123,GCF_000755325,1
JQ867099,CP002046,1
JQ867100,CP002583,1
JQ957932,GCF_000576855,1
JQ965645,GCF_000464575,1
JQ965700,GCF_000269005,1
JQ965701,GCF_000268545,1
JQ965702,GCF_000323325,1
JQ965703,GCF_000268485,1
JQ966307,GCF_000410655,1
JX000007,GCF_000269045,1
JX013863,GCF_000642395,1
JX045649,GCF_000155975,1
JX045650,GCF_000143625,1
JX080300,GCF_000685335,1
JX080301,GCF_000638075,1
JX080302,GCF_000639435,1
JX080303,GCF_000637975,1
JX080304,GCF_000637215,1
JX080305,GCF_000564175,1
JX094431,CM000732,1
JX094500,GCF_000467775,1
JX094501,GCF_000636315,1
JX100809,AE005673,1
JX100810,GCF_000372645,1
JX100811,GCF_000372645,1
JX100812,AE005673,1
JX100813,AE005673,1
JX100814,GCF_000372645,1
JX104231,GCF_000689575,1
JX121091,CP009495,1
JX123262,CP005966,1
JX128257,GCF_000358085,1
JX128258,GCF_000446885,1
JX128259,GCF_000752255,1
JX131330,GCF_000506285,1
JX145341,GCF_000530895,1
JX145342,GCF_000451385,1
JX163858,AE005673,1
JX173487,GCF_000952735,1
JX182369,AL645882,1
JX182370,AL645882,1
JX182371,FR845719,1
JX182372,BA000030,1
JX193904,GCF_000148225,1
JX194239,FR821779,1
JX238501,GCF_000225935,1
JX262215,CP003197,1
JX262216,CP003293,1
JX262217,GCF_000144145,1
JX262218,GCF_000342585,1
JX262219,GCF_000144145,1
JX262220,GCF_000178075,1
JX262221,GCF_000144715,1
JX262222,GCF_000472405,1
JX262223,CP003195,1
JX262224,GCF_000194865,1
JX262225,GCF_000144775,1
JX262376,CP003275,1
JX296113,CP003488,1
JX307703,GCF_000521845,1
JX316028,GCF_000367665,1
JX403940,GCF_000708795,1
JX412914,GCF_000164215,1
JX415535,HG9417,1
JX415536,GCF_000618965,1
JX421753,GCF_000358995,1
JX442241,GCF_000729415,1
JX486087,AL935263,1
JX501340,GCF_000792975,1
JX536493,GCF_000407865,1
JX556417,GCF_000489435,1
JX556418,GCF_000489435,1
JX561091,GCF_000488615,1
JX567312,AP012281,1
JX569801,GCF_000255015,1
JX570702,GCF_000145495,1
JX570703,CP003195,1
JX570704,CP003197,1
JX570705,GCF_000144505,1
JX570706,GCF_000144285,1
JX570707,GCF_000144445,1
JX570708,GCF_000145515,1
JX570709,GCF_000144465,1
JX570710,GCF_000145475,1
JX570711,GCF_000144585,1
JX570712,CP003293,1
JX570713,GCF_000144205,1
JX570714,GCF_000144445,1
JX625144,GCF_000777435,1
JX658790,GCF_000286535,1
JX681814,CP000572,1
JX846612,GCF_000592985,1
JX846613,GCF_000553925,1
JX863101,GCF_000817895,1
JX865427,GCF_000458175,1
JX866719,GCF_000694795,1
JX867715,GCF_000782235,1
JX872508,GCF_000346445,1
JX875065,GCF_000544825,1
JX878496,CP006252,1
JX878671,GCF_000685445,1
JX879087,GCF_000441455,1
JX880034,GCF_000461295,1
JX880072,GCF_000490515,1
JX887877,CM000748,1
JX899358,CP009496,1
JX901189,GCF_000240425,1
JX997978,GCF_000506805,1
KC012913,LN554884,1
KC013021,GCF_000686465,1
KC013022,GCF_000297375,1
KC013023,GCF_000185065,1
KC013024,GCF_000185065,1
KC013025,GCF_000185065,1
KC013026,CP000574,1
KC013027,CP000574,1
KC013028,CP003101,1
KC013029,CP000574,1
KC107834,GCF_000467775,1
KC117376,GCF_000337415,1
KC117377,GCF_000337775,1
KC117378,GCF_000337275,1
KC131129,GCF_000182685,1
KC139512,GCF_000748485,1
KC139514,GCF_000329505,1
KC139515,GCF_000505225,1
KC139517,GCF_000487695,1
KC139518,GCF_000330265,1
KC139519,GCF_000487835,1
KC139520,CP004027,1
KC139521,CP007352,1
KC171646,GCF_000409895,1
KC171647,GCF_000410155,1
KC172839,CP009496,1
KC237729,CP000312,1
KC252997,CP002921,1
KC292020,GCF_000337055,1
KC292021,GCF_000337015,1
KC292022,GCF_000337335,1
KC292023,GCF_000513435,1
KC292024,CP002921,1
KC292025,CP002921,1
KC292026,GCF_000283335,1
KC292027,GCF_000337755,1
KC292028,GCF_000337755,1
KC292029,GCF_000337755,1
KC310802,GCF_000179235,1
KC310803,GCF_000179235,1
KC310804,GCF_000179235,1
KC310806,AP008231,1
KC311669,GCF_000589595,1
KC330679,GCF_000172815,1
KC330680,CP000813,1
KC330681,GCF_000225935,1
KC330683,GCF_000604385,1
KC330684,GCF_000828395,1
KC342645,GCF_000578015,1
KC357596,GCF_000234395,1
KC438282,GCF_000736865,1
KC438283,GCF_000302855,1
KC462197,CP003781,1
KC465898,GCF_000153525,1
KC465899,GCF_000472585,1
KC465900,GCF_000153525,1
KC465901,GCF_000419545,1
KC481682,GCF_000782875,1
KC522412,GCF_000731635,1
KC556893,GCF_000940435,1
KC556894,GCF_000366505,1
KC556895,CP007629,1
KC556896,GCF_000366245,1
KC556898,GCF_000366685,1
KC576783,GCF_000521845,1
KC576784,GCF_000521845,1
KC595278,GCF_000557225,1
KC595279,GCF_000363425,1
KC595518,GCF_000374385,1
KC661271,CP009495,1
KC661272,CP009495,1
KC661273,CM001762,1
KC661274,CP009495,1
KC661275,CP009494,1
KC661276,CP009496,1
KC661277,CP009495,1
KC661278,CP009494,1
KC661279,CM001762,1
KC661280,GCF_000521845,1
KC661281,CM001762,1
KC677662,GCF_000389495,1
KC677663,GCF_000549085,1
KC685370,GCF_000517985,1
KC688701,CP002046,1
KC690136,GCF_000316365,1
KC691254,CM001762,1
KC691255,CP009494,1
KC691256,CP009495,1
KC691257,CP009494,1
KC691258,CP009495,1
KC700556,CP009124,1
KC700557,CM001889,1
KC700558,CM001889,1
KC701493,CP009494,1
KC710998,GCF_000566065,1
KC736071,CP009494,1
KC748968,GCF_000521845,1
KC748969,CP009495,1
KC748970,CP009494,1
KC748971,CP009496,1
KC751414,GCF_900141965,1
KC787105,CM001762,1
KC787106,CM001762,1
KC787107,CP009495,1
KC787108,GCF_000521845,1
KC787110,CP009496,1
KC801932,GCF_000704825,1
KC814930,GCF_000268025,1
KC821604,GCF_000468575,1
KC821605,GCF_000468595,1
KC821606,CP009887,1
KC821607,GCF_000468575,1
KC821608,GCF_000468595,1
KC821609,CP009887,1
KC821610,CP009976,1
KC821611,CP009887,1
KC821612,CP009887,1
KC821613,GCF_000468595,1
KC821614,GCF_000468575,1
KC821615,GCF_000468575,1
KC821616,CP009887,1
KC821617,GCF_000468595,1
KC821618,CP009976,1
KC821619,CP009887,1
KC821620,CP009976,1
KC821621,GCF_000468595,1
KC821622,GCF_000468595,1
KC821623,CP009887,1
KC821624,GCF_000468595,1
KC821625,CP009887,1
KC821626,GCF_000468575,1
KC821627,CP009887,1
KC821628,GCF_000468595,1
KC821629,GCF_000468595,1
KC821630,GCF_000468575,1
KC821631,GCF_000468595,1
KC821632,GCF_000468595,1
KC821633,CP009887,1
KC821634,GCF_000468595,1
KC832325,CP007211,1
KC853746,GCF_000689575,1
KC862295,GCF_000480375,1
KC862296,GCF_000789545,1
KC862297,GCF_000790035,1
KC862298,GCF_000342145,1
KC862299,GCF_000791965,1
KC862300,GCF_000796065,1
KC862301,GCF_000629305,1
KC900379,CP009494,1
KC911856,GCF_000486625,1
KC911857,GCF_000524845,1
KC954774,CP003312,1
KC959568,GCF_000801615,1
KC960489,GCF_000280655,1
KF005317,CP003845,1
KF005318,CP003844,1
KF005319,CP003841,1
KF005320,CP003844,1
KF006818,CP009494,1
KF010834,GCF_000511115,1
KF017001,CP009494,1
KF017002,CP009495,1
KF017003,CP009494,1
KF017004,GCF_000521845,1
KF017005,CP009496,1
KF024721,CP009496,1
KF024723,GCF_000521845,1
KF024724,CP009494,1
KF024725,GCF_000521845,1
KF024726,CP009495,1
KF024727,CP009496,1
KF024728,CM001762,1
KF024729,CP009494,1
KF024730,CM001762,1
KF024731,CP009494,1
KF024732,CP009494,1
KF024733,CP009494,1
KF044309,GCF_000456325,1
KF044310,GCF_000358105,1
KF056323,CP002921,1
KF114874,CP009496,1
KF114875,CP009495,1
KF147891,GCF_000152525,1
KF148616,CP005388,1
KF156338,CT971583,1
KF156339,CT971583,1
KF156340,CT971583,1
KF183314,GCF_000761785,1
KF183315,GCF_000761785,1
KF188410,GCF_000387565,1
KF188458,GCF_000181915,1
KF208639,GCF_000530375,1
KF279411,CM001762,1
KF279412,CP009496,1
KF279413,CP009494,1
KF279414,CP009495,1
KF279415,CM001762,1
KF279416,CP009496,1
KF279417,CP009496,1
KF296718,CM000752,1
KF301602,GCF_000372645,1
KF306380,CP009494,1
KF322026,GCF_000176055,1
KF322032,GCF_000356045,1
KF356198,CP000117,1
KF361475,GCF_000305195,1
KF416340,CM001762,1
KF416341,CP009494,1
KF416342,CM001762,1
KF416343,GCF_000521845,1
KF416344,CP009494,1
KF475786,GCF_000796345,1
KF493879,CP009494,1
KF493880,GCF_000521845,1
KF493881,GCF_000521845,1
KF493882,CM001762,1
KF493883,GCF_000521845,1
KF534715,GCF_000173155,1
KF550303,GCF_000776315,1
KF554508,GCF_000293505,1
KF560330,CP009494,1
KF560331,CP009494,1
KF560332,GCF_000521845,1
KF560333,CM001762,1
KF560334,CP009495,1
KF562099,CP009495,1
KF562100,CP009495,1
KF562101,GCF_000521845,1
KF562102,CP009496,1
KF562340,GCF_000488795,1
KF562341,GCF_000619165,1
KF562864,GCF_000329745,1
KF562865,GCF_000329745,1
KF582788,GCF_000351385,1
KF589919,GCF_000828115,1
KF598856,GCF_000559805,1
KF598865,GCF_000482245,1
KF614509,GCF_000271785,1
KF620435,GCF_000268185,1
KF623293,GCF_000490635,1
KF623294,GCF_000367665,1
KF626666,GCF_000428665,1
KF626667,CP006696,1
KF669647,GCF_000530375,1
KF669648,GCF_000172815,1
KF669649,GCF_000520915,1
KF669650,GCF_000785165,1
KF669651,GCF_000828395,1
KF669652,GCF_000183765,1
KF669653,GCF_000505185,1
KF669654,GCF_000293095,1
KF669655,GCF_000480335,1
KF669656,GCF_000515775,1
KF669657,CP001982,1
KF669658,GCF_000591875,1
KF669659,GCF_000225935,1
KF669660,GCF_000480335,1
KF669661,GCF_000480335,1
KF669662,CP009720,1
KF669663,CP009920,1
KF676640,GCF_000759595,1
KF692088,GCF_000328305,1
KF700371,GCF_000696075,1
KF713485,CP009494,1
KF713486,CP009496,1
KF728385,CP002621,1
KF733017,GCF_000294855,1
KF766114,GCF_000530995,1
KF771236,GCF_000618745,1
KF771237,GCF_000779335,1
KF771238,GCF_000351105,1
KF771239,GCF_000488735,1
KF771641,GCA_000740075,1
KF772233,CP001600,1
KF772234,CP001600,1
KF787094,GCF_000517225,1
KF787095,CP009448,1
KF806588,GCF_000367665,1
KF806589,GCF_000367685,1
KF811200,GCF_000592655,1
KF831354,GCF_000570915,1
KF841475,GCF_000521845,1
KF841476,GCF_000521845,1
KF841477,CM001762,1
KF856712,GCF_000796045,1
KF861510,CP009496,1
KF926093,GCF_000805435,1
KF929199,HG813242,1
KF954506,CP009496,1
KF959563,CM001762,1
KF971864,GCF_000457265,1
KF977490,CP006877,1
KF981601,CM001762,1
KF981730,GCF_000704845,1
KF981875,GCF_000789845,1
KF981876,GCF_000270925,1
KF986246,CP009495,1
KF986247,CP009494,1
KJ000058,GCF_000189195,1
KJ002054,GCF_000519065,1
KJ010489,GCF_000397025,1
KJ025956,CP009496,1
KJ025957,GCF_000521905,1
KJ094020,GCF_000727405,1
KJ094021,FR733650,1
KJ094022,GCF_000801385,1
KJ094023,GCF_000801515,1
KJ094029,GCF_000801515,1
KJ094030,GCF_000168815,1
KJ094031,GCF_000726445,1
KJ094032,GCF_000392835,1
KJ094033,CP002003,1
KJ101592,GCF_000952605,1
KJ127303,GCF_000396865,1
KJ135004,GCF_000692495,1
KJ140076,GCF_000541975,1
KJ156985,CM001762,1
KJ159566,BA000043,1
KJ173786,GCF_000956405,1
KJ174156,GCF_000521845,1
KJ174157,CM001762,1
KJ190157,GCF_000485675,1
KJ190158,GCF_000326265,1
KJ192399,GCF_000834085,1
KJ194581,CP009494,1
KJ194582,CP009494,1
KJ194584,CM001762,1
KJ194585,CP009495,1
KJ210330,GCF_000571275,1
KJ395778,GCF_000176055,1
KJ409696,GCF_000521845,1
KJ409772,GCF_000738515,1
KJ410132,CP009494,1
KJ410133,CP009494,1
KJ410134,CP009494,1
KJ419279,GCF_000617685,1
KJ451625,GCF_000290775,1
KJ473422,GCF_000804955,1
KJ473423,GCF_000369185,1
KJ477077,GCF_000791145,1
KJ489010,AP012281,1
KJ489011,GCF_000284735,1
KJ489012,CP000425,1
KJ489013,GCF_000493355,1
KJ489397,CM000755,1
KJ507099,GCF_000416685,1
KJ507100,GCF_000145925,1
KJ510412,GCF_000521845,1
KJ510413,GCF_000521845,1
KJ510414,CP009496,1
KJ510415,CP009494,1
KJ528544,GCF_000205485,1
KJ534580,GCF_000585235,1
KJ535721,GCF_000726425,1
KJ535722,CM001469,1
KJ538721,CP009495,1
KJ538722,CP009494,1
KJ564036,GCF_000387565,1
KJ564037,CP002341,1
KJ564038,GCF_000934805,1
KJ567041,CP009495,1
KJ567042,GCF_000521845,1
KJ567043,CP009496,1
KJ567046,CP009494,1
KJ572844,GCF_000174255,1
KJ572845,GCF_000174335,1
KJ586794,GCF_000801395,1
KJ586795,GCF_000726635,1
KJ591604,GCF_000727305,1
KJ591605,GCF_000168375,1
KJ595576,CP009496,1
KJ596420,GCF_000535455,1
KJ603229,GCF_000213675,1
KJ608188,GCF_000393595,1
KJ619459,GCF_000237525,1
KJ621082,CP000830,1
KJ668714,GCF_000615055,1
KJ690250,CM001762,1
KJ716335,CM001977,1
KJ725374,GCF_000521845,1
KJ746502,CP007067,1
KJ748011,GCF_000617285,1
KJ802832,CP007328,1
KJ817802,GCF_000591855,1
KJ847052,GCF_000299895,1
KJ858521,GCF_000724965,1
KJ888149,GCF_000543725,1
KJ920400,CP010089,1
KJ997912,GCF_000353145,1
KM051843,CP007436,1
KM066034,CM001762,1
KM083128,CM001762,1
KM091442,CP009472,1
KM091443,CP009472,1
KM091444,AP012281,1
KM101120,CP009495,1
KM101122,CP009495,1
KM101123,GCF_000521845,1
KM101124,CP009496,1
KM190144,GCF_000357205,1
KM199770,GCF_000271785,1
KM199771,GCF_000517145,1
KM215148,CP009495,1
KM216423,GCF_000361145,1
KM224878,GCF_000305095,1
KM224879,GCF_000303125,1
KM226324,GCF_000152885,1
KM233151,GCF_000458605,1
KM247287,GCF_000358495,1
KM253764,GCF_000755055,1
KM272358,CP006053,1
KM279937,CP009495,1
KM347889,CP009494,1
KM360178,GCF_000599785,1
KM370384,GCF_000694955,1
KM373208,GCF_000727545,1
KM378617,GCF_000878565,1
KM407600,GCF_000565625,1
KM458633,GCF_000486545,1
KM501444,GCF_000815905,1
KM507819,GCF_000780275,1
KM514685,CP000156,1
KM581061,CP000031,1
KM606994,GCF_000460635,1
KM606995,GCF_000461435,1
KM606996,GCF_000777375,1
KM606997,GCF_000172055,1
KM606998,GCF_000305395,1
KM606999,GCF_000797695,1
KM607000,GCF_000507685,1
KM607001,GCF_000778785,1
KM607002,GCF_000703865,1
KM607003,GCF_000781635,1
KM879463,GCF_000427315,1
KP027199,CP009494,1
KP027200,GCF_000521845,1
KP027201,CP009495,1
KP027205,CP009496,1
KP027206,CP009495,1
KP063541,GCF_000358755,1
KP085586,GCF_000217895,1
KP162168,GCF_000763805,1
L13696,CP003513,1
L33769,GCF_000212475,1
LK392619,GCF_000251645,1
LN610572,GCF_000791125,1
LN610573,GCF_000455545,1
LN610574,GCF_000791835,1
LN610575,GCF_000790085,1
LN610576,GCF_000480575,1
LN610577,GCF_000796255,1
LN610578,GCA_000506325,1
LN610579,GCF_000790465,1
LN610580,GCF_000629045,1
LN610581,GCF_000796555,1
LN610582,GCF_000792225,1
LN610583,GCF_000797165,1
LN610585,GCF_000481345,1
LN610586,GCF_000481345,1
LN610587,GCF_000760505,1
LN610588,GCF_000629465,1
LN610589,GCF_000823945,1
LN610590,GCF_000791855,1
M11813,GCF_000183765,1
M11912,GCF_000481045,1
M19377,GCF_000824345,1
U28974,CP005078,1
U38906,GCF_000447905,1
X96987,GCF_000183765,1
X98106,GCF_000260775,1
X99260,GCF_000830695,1
Y13918,GCF_000793785,1
accession,accession,0
AB002632,CP001403,0
AB008550,GCF_000387965,0
AB009866,CP003929,0
AB012573,CP002921,0
AB012574,GCF_000336975,0
AB043678,GCF_000296615,0
AB043679,CP001014,0
AB044554,CM002879,0
AB063393,CP005290,0
AB102868,CP000300,0
AB255436,CP003412,0
AB285204,CP002529,0
AB362338,CP009149,0
AB370205,CP000660,0
AB370268,CP002372,0
AB426868,CP001719,0
AB451219,CP001463,0
AB560486,BA000011,0
AB572858,GCF_000337035,0
AB597179,GCF_000245115,0
AB609718,GCF_000336715,0
AB626962,CP006670,0
AB626963,CP003321,0
AB647160,GCF_000336715,0
AB711120,CP000102,0
AB712291,CP000609,0
AB720063,CP003929,0
AB720064,CP000743,0
AB731695,CP001719,0
AB828698,GCF_000337095,0
AB830321,CP001719,0
AB854109,GCF_000245115,0
AB863625,GCF_000336715,0
AB903967,GCF_000376445,0
AB910393,CP002057,0
AB931172,GCF_000245255,0
AB937974,BA000048,0
AB971354,CP003423,0
AB981169,GCF_000336955,0
AB981170,CP000780,0
AE002163,CP000300,0
AF063097,GCF_000430485,0
AF065411,CP007376,0
AF074945,GCF_000309865,0
AF125163,CP009149,0
AF165214,CM002879,0
AF176027,CP003377,0
AF176028,GCF_000220175,0
AF176029,GCF_000245195,0
AF176030,CP002425,0
AF176031,CP000743,0
AF176032,GCF_000416025,0
AF176033,GCF_000337915,0
AF189021,GCF_000190015,0
AF195902,GCF_000190075,0
AF222060,GCF_009498435,0
AF232233,GCF_000744315,0
AF242738,GCF_000296615,0
AF246223,GCF_000309865,0
AF306496,CP002117,0
AF323668,CP003929,0
AF323669,GCF_000337515,0
AF323670,CP003362,0
AF323671,GCF_000337755,0
AF323672,GCF_000337035,0
AF323673,DP000238,0
AF334111,GCF_000710605,0
AF335538,GCF_000309865,0
AF338467,CP003362,0
AF396866,CP000300,0
AF424781,GCF_000723845,0
AF424782,CP001719,0
AF424783,GCF_000245195,0
AF448724,CP004145,0
AF452449,GCF_000189875,0
AF453500,CP003378,0
AF493143,CP002069,0
AF527608,GCF_000474235,0
AF547987,CP000660,0
AJ131519,BA000002,0
AJ242593,CP001690,0
AJ251789,GCF_000245255,0
AJ251805,GCF_000245195,0
AJ278322,CP003362,0
AJ298298,GCF_000245195,0
AJ312240,CP001014,0
AJ344259,GCF_000649815,0
AJ414696,GCF_000388995,0
AJ536073,CP003378,0
AJ550635,GCF_000189875,0
AJ556162,GCF_000337575,0
AJ560763,CP001719,0
AJ564013,DP000238,0
AJ567472,GCF_000630465,0
AJ609634,CP003423,0
AJ630128,GCF_000949015,0
AJ697969,BA000002,0
AJ748296,CP010836,0
AJ783769,GCF_000589195,0
AJ842011,CP003362,0
AJ854042,GCF_000362245,0
AJ972879,GCF_000474235,0
AM040673,CP001731,0
AM156909,GCF_000784355,0
AM183667,GCF_000309865,0
AM265638,GCF_000337095,0
AM265639,AGIY02000001,0
AM491472,CP001731,0
AM749441,CP001014,0
AM910650,AGIY02000001,0
AM910651,CP003423,0
AP000363,CP000477,0
AP001553,GCF_000337155,0
AP005153,GCF_000190015,0
AP005154,GCF_000337555,0
AP008953,CP004145,0
AP008954,CP003316,0
AP008983,GCF_000337675,0
AP009146,GCF_000337555,0
AP009363,CP001719,0
AP009390,CP003685,0
AP009624,GCF_000189915,0
AP011616,CP002792,0
AP011617,GCF_000336915,0
AP013029,GCF_000336955,0
AP013057,CP000660,0
AY007505,GCF_000730175,0
AY055382,GCF_000710605,0
AY082070,GCF_000337215,0
AY095314,GCF_000371805,0
AY150271,GCF_000190015,0
AY212251,CP000660,0
AY266303,AHJR01000001,0
AY320035,DP000238,0
AY374414,CP002792,0
AY375531,CP003378,0
AY388628,GCF_000796845,0
AY394005,CP011097,0
AY453853,CP004145,0
AY510084,FN869859,0
AY569307,GCF_000350545,0
AY605066,CP000743,0
AY699705,CP003685,0
AY730274,CP003377,0
AY739900,GCF_000337335,0
AY769964,GCF_000296615,0
AY772740,CP000477,0
AY939844,CP000505,0
AY940168,CP001731,0
AY950802,CP003075,0
AY954948,CP002792,0
AY962392,GCF_000337755,0
BK000583,CP001403,0
CP000315,GCF_000336675,0
CP000622,GCF_000189875,0
CP000623,CP010070,0
CP000624,GCF_000189795,0
CP000625,GCF_000371805,0
CP000917,GCF_000189815,0
CP002495,GCF_000961135,0
CP002889,CP001365,0
CP003186,CP002372,0
CP004084,CP002952,0
CP008753,CP002551,0
CU468217,CP001690,0
DQ003637,CP002921,0
DQ003638,CP000660,0
DQ003639,GCF_000337095,0
DQ003640,CP002117,0
DQ003641,FN869859,0
DQ003642,CP004145,0
DQ113772,GCF_000245195,0
DQ114220,GCF_000336955,0
DQ123818,GCF_000723845,0
DQ126339,CP010070,0
DQ150593,GCF_000430485,0
DQ221100,CP000742,0
DQ222851,GCF_000815385,0
DQ222853,GCF_000337915,0
DQ222855,CP000609,0
DQ289555,GCF_000415965,0
DQ289556,CP002425,0
DQ320509,FN869859,0
DQ340064,FN869859,0
DQ372923,GCF_000334895,0
DQ394806,AHJR01000001,0
DQ394807,GCF_000190055,0
DQ394808,GCF_000337335,0
DQ394809,AHJR01000001,0
DQ426904,BA000011,0
DQ426905,BA000011,0
DQ453159,GCF_000337035,0
DQ490056,CP003377,0
DQ517338,CP001719,0
DQ674738,GCF_000723845,0
DQ777876,GCF_000245195,0
DQ785801,CM002879,0
DQ832317,CP000102,0
DQ838728,GCF_000245255,0
DQ840344,GCF_000336675,0
DQ873690,GCF_000784355,0
EF056009,CP000678,0
EF057797,GCF_000337915,0
EF071488,GCF_000540155,0
EF116926,GCF_000190055,0
EF207558,CP003321,0
EF372997,GCF_000755225,0
EF380009,GCF_000824705,0
EF380010,CP000780,0
EF380011,GCF_000190015,0
EF380012,GCF_000621965,0
EF380013,CP002069,0
EF380014,CP000505,0
EF380015,CP002529,0
EF380016,CP011097,0
EF380017,GCF_000745485,0
EF380018,GCF_000328945,0
EF380019,CP000102,0
EF380020,GCF_000189875,0
EF380021,AHJT01000001,0
EF380022,CP001901,0
EF380023,GCF_000296615,0
EF380024,GCF_000336975,0
EF380025,CP002100,0
EF380026,AM114193,0
EF380027,CP001463,0
EF380028,CP005962,0
EF380029,GCF_000189955,0
EF380030,CP002069,0
EF380031,CP010070,0
EF380032,GCF_000730175,0
EF432053,GCF_000679435,0
EF437941,AHJR01000001,0
EF455602,GCF_000336975,0
EF523948,CP002952,0
EF529515,CP002372,0
EF536069,GCF_000824705,0
EF537008,CP000609,0
EF579802,CP001690,0
EF583821,GCF_000961135,0
EF602154,CP000742,0
EU030938,GCF_000608825,0
EU030939,GCF_000386465,0
EU056923,CP002792,0
EU078592,GCF_000337335,0
EU081845,GCF_000387965,0
EU100883,CP002921,0
EU100884,CP001365,0
EU124666,GCF_000337555,0
EU136189,GCF_000416025,0
EU203571,GCF_000189795,0
EU246945,GCF_000190015,0
EU272036,CP002372,0
EU272037,GCF_000784355,0
EU311208,CP010070,0
EU330206,GCF_000328925,0
EU340421,CP002952,0
EU408779,GCF_000189955,0
EU409559,GCF_000189915,0
EU418428,GCF_000190015,0
EU438902,CP002737,0
EU545650,GCF_000668475,0
EU570103,BA000011,0
EU588980,CM002879,0
EU652770,CP009149,0
EU716414,CP005290,0
EU717894,CP001463,0
EU719189,CP002057,0
EU734170,CP005962,0
EU734171,GCF_000745485,0
EU734172,CP003423,0
EU734173,CP003378,0
EU734174,GCF_000337915,0
EU771092,CP002529,0
EU794049,GCF_000189915,0
EU826470,CP003168,0
EU855793,GCF_000337095,0
EU861004,CP002069,0
EU861005,GCF_000189915,0
EU863408,CP003377,0
EU863409,FN869859,0
EU871039,CP001731,0
EU874396,CP003929,0
EU876853,GCF_000245195,0
EU877232,FN869859,0
FJ000341,GCF_000966265,0
FJ008913,CP007174,0
FJ168659,CP000300,0
FJ168660,CP002551,0
FJ168661,GCF_000371805,0
FJ168662,CP010778,0
FJ174690,CP001365,0
FJ174691,CP002069,0
FJ174692,GCF_000744315,0
FJ174693,GCF_000189815,0
FJ174694,CP002057,0
FJ226752,BA000048,0
FJ230960,GCF_000336915,0
FJ236310,GCF_000189875,0
FJ373894,BA000002,0
FJ429185,GCF_000309865,0
FJ483837,GCF_000961135,0
FJ483838,CP000609,0
FJ483839,GCF_000328945,0
FJ483840,CP002670,0
FJ483841,GCF_000949015,0
FJ483842,AGIY02000001,0
FJ483843,GCF_000337555,0
FJ483844,CP004145,0
FJ591093,CP003377,0
FJ591094,CP007055,0
FJ608823,GCF_000190055,0
FJ608824,GCF_000337515,0
FJ608825,GCF_000337335,0
FJ641182,CP000505,0
FJ685651,GCF_000557605,0
FJ713816,GCF_000336955,0
FJ750948,CP002529,0
FJ792813,GCF_000755225,0
FJ849058,CP002737,0
FJ870915,GCF_000157635,0
FJ870916,GCF_000939235,0
FJ870917,GCF_000551105,0
FJ896200,GCF_000190075,0
FJ904927,AM114193,0
FJ937737,CP009149,0
FJ965538,CP004145,0
FJ973624,CP001719,0
FJ982340,CP001014,0
FM163528,CP007174,0
FM180578,CP001690,0
FM201281,BA000048,0
FM201282,GCF_000784355,0
FM887021,GCF_000336915,0
FN263372,GCF_000376445,0
FN391954,CP001731,0
FN422398,GCF_000245115,0
FN422399,CP011097,0
FN594518,CP003685,0
FQ312032,CP003377,0
FR667955,GCF_000621965,0
FR687252,GCF_000337755,0
FR751545,GCF_000189875,0
FR775895,GCF_000966265,0
FR823450,GCF_000513435,0
FR852584,CP004145,0
GQ149088,CP001463,0
GQ241246,GCF_000710605,0
GQ303259,CP010778,0
GQ303260,CP005962,0
GQ303261,GCF_000730175,0
GQ303262,GCF_000189795,0
GQ303263,AM114193,0
GQ303264,CP000300,0
GQ334450,CP005962,0
GQ357915,GCF_000824705,0
GQ357916,CP000300,0
GQ379227,BA000048,0
GQ398772,GCF_000337335,0
GQ403789,CP000102,0
GQ413937,CP003685,0
GQ413938,CP000780,0
GQ421471,CP001463,0
GQ443085,CP011097,0
GQ452243,GCF_000337515,0
GQ468526,GCF_000189815,0
GQ478081,CP007174,0
GQ478082,CP011097,0
GQ478083,CP003423,0
GQ478084,CP000505,0
GQ478085,CP002529,0
GQ478086,CP002372,0
GQ478087,CP009149,0
GQ478088,CP000505,0
GQ502199,GCF_000416025,0
GQ866233,GCF_000336715,0
GQ979703,AGIY02000001,0
GQ981382,CP010070,0
GU060500,CP002551,0
GU070616,CP004145,0
GU071094,CP000102,0
GU071095,GCF_000245255,0
GU071096,GCF_000621965,0
GU071097,GCF_000710605,0
GU071098,GCF_000784355,0
GU071099,CP002100,0
GU071100,GCF_000337515,0
GU071101,CP003168,0
GU071102,GCF_000949015,0
GU071103,GCF_000961135,0
GU071104,GCF_000337575,0
GU071105,AHJT01000001,0
GU071106,GCF_000189915,0
GU071107,CP002529,0
GU071108,DP000238,0
GU075905,GCF_000966265,0
GU080336,CP007428,0
GU247132,GCF_000710605,0
GU295964,GCF_000966265,0
GU296433,CP000477,0
GU321093,GCF_000345025,0
GU323318,CP003378,0
GU339467,CP002792,0
GU385905,BA000011,0
GU396103,GCF_000190015,0
GU459069,CP002670,0
GU477322,GCF_000387965,0
GU557055,GCF_000513435,0
GU573886,CP003362,0
GU580940,GCF_000189815,0
GU580941,BX950229,0
GU580942,BA000011,0
GU580943,CP004145,0
GU583987,GCF_000190055,0
GU595417,GCF_000337555,0
GU815091,CP000742,0
GU815339,GCF_000730175,0
GU911303,CP001365,0
GU911304,GCF_000245255,0
GU911519,CP002057,0
GU936714,GCF_000189815,0
GU936715,CP001731,0
GU949551,GCF_000621965,0
GU988610,CP003378,0
HE600015,GCF_000220175,0
HE608841,CP003050,0
HE611333,CP004145,0
HE614281,CP000300,0
HE664024,CP005962,0
HE775250,GCF_000430485,0
HE806280,CP004145,0
HE815464,BA000048,0
HE861935,GCF_000336715,0
HE956708,GCF_000328945,0
HE956709,CP002057,0
HE956710,CP009149,0
HE962497,BA000002,0
HE978309,CP003050,0
HE983844,BA000002,0
HE983845,GCF_000337575,0
HF543949,CP005962,0
HF563658,CP000742,0
HG007973,CP005962,0
HG322870,GCF_000386245,0
HG380752,GCF_000296615,0
HG424323,GCF_000337515,0
HG428758,CP002952,0
HG518155,GCF_000336915,0
HG798806,CP003168,0
HG799490,CP001901,0
HG799496,CP000505,0
HG799497,CP000678,0
HG813241,AM114193,0
HG818823,CP002425,0
HG818824,GCF_000336675,0
HG934469,GCF_000328925,0
HG934470,GCF_000336975,0
HG962375,CP000477,0
HG962376,GCF_000189955,0
HM004124,GCF_000220175,0
HM029250,CP003412,0
HM035024,GCF_000337155,0
HM035025,GCF_000189915,0
HM064452,CP004145,0
HM066936,GCF_000189915,0
HM071924,GCF_000337915,0
HM072038,GCF_000245195,0
HM114277,GCF_000190055,0
HM114315,GCF_000376965,0
HM134276,GCF_000376965,0
HM137666,CP007174,0
HM144385,CP007174,0
HM144386,CP003685,0
HM144387,AHJT01000001,0
HM150760,GCF_000336955,0
HM151342,BA000002,0
HM152763,GCF_000745485,0
HM152764,GCF_000387965,0
HM152765,GCF_000337555,0
HM152766,CP003685,0
HM152767,CP003929,0
HM173637,CP003377,0
HM208537,GCF_000387965,0
HM242243,GCF_000245115,0
HM452125,GCF_000513435,0
HM452126,GCF_000337215,0
HM461982,CP002117,0
HM480106,GCF_000328945,0
HM486077,GCF_000784355,0
HM563683,CP000300,0
HM568888,GCF_000336715,0
HM588722,CP002737,0
HM624080,GCF_000744315,0
HM997019,CP003423,0
HM997020,CP003412,0
HQ110084,CP002792,0
HQ141410,CP000678,0
HQ141411,CP001014,0
HQ163896,CP007055,0
HQ201307,GCF_000961135,0
HQ201308,CP002737,0
HQ224500,GCF_000245255,0
HQ225832,DP000238,0
HQ259103,GCF_000190075,0
HQ268735,CP001719,0
HQ316579,CP002792,0
HQ316580,CP002425,0
HQ316581,CP002737,0
HQ316582,CP000102,0
HQ316583,GCF_000513435,0
HQ316584,GCF_000621965,0
HQ316603,GCF_000815385,0
HQ316604,CP000660,0
HQ317290,CP000609,0
HQ317291,GCF_000336655,0
HQ317292,GCF_000415965,0
HQ317383,CP007055,0
HQ317384,GCF_000474235,0
HQ317385,GCF_000337095,0
HQ317386,CP002425,0
HQ317387,GCF_000189795,0
HQ317388,GCF_000309865,0
HQ317389,CP002529,0
HQ317390,GCF_000337915,0
HQ317391,GCF_000416025,0
HQ317392,CP003685,0
HQ317393,GCF_000336675,0
HQ331142,GCF_000337555,0
HQ332137,CM002879,0
HQ332138,CP000609,0
HQ332140,GCF_000337915,0
HQ332141,GCF_000702485,0
HQ332142,CP002372,0
HQ333270,CP000660,0
HQ337021,CP002952,0
HQ337022,GCF_000337755,0
HQ377373,GCF_000730175,0
HQ403646,GCF_000337915,0
HQ424691,CP010070,0
HQ615693,GCF_000824705,0
HQ632825,CP000742,0
HQ632859,GCF_000189795,0
HQ633071,CP000505,0
HQ634152,GCF_000190015,0
HQ634153,CP000780,0
HQ634156,GCF_000815385,0
HQ634157,GCF_000328925,0
HQ634174,GCF_000336675,0
HQ634175,GCF_000189875,0
HQ634176,GCF_000730175,0
HQ634177,CP000660,0
HQ634178,GCF_000336915,0
HQ634187,GCF_000784355,0
HQ634188,DP000238,0
HQ634189,CP011097,0
HQ634190,GCF_000337555,0
HQ634191,GCF_000189875,0
HQ634192,GCF_000416025,0
HQ634193,GCF_000328945,0
HQ634194,CP002551,0
HQ634196,CP003929,0
HQ641340,GCF_000710605,0
HQ641341,CP003412,0
HQ641343,CP010070,0
HQ641344,CP003050,0
HQ641345,GCF_000723845,0
HQ641346,BA000048,0
HQ641347,CP001014,0
HQ641348,CP003168,0
HQ641349,CP000609,0
HQ641350,GCF_000416025,0
HQ641351,CP006670,0
HQ641352,CP002529,0
HQ641353,GCF_000245255,0
HQ641354,GCF_000190015,0
HQ641380,GCF_000190015,0
HQ665011,AM114193,0
HQ683709,CP002117,0
HQ698895,CP001403,0
HQ698922,BX950229,0
HQ711984,GCF_000336955,0
HQ711985,BA000002,0
HQ728263,GCF_000245115,0
HQ728264,GCF_000328925,0
HQ728265,CP002952,0
HQ728266,CP005290,0
HQ728524,GCF_000755225,0
HQ829472,GCF_000189875,0
HQ832595,GCF_000961135,0
HQ918180,GCF_000336915,0
JF270478,CP002057,0
JF344709,CP003685,0
JF461087,GCF_000337095,0
JF501022,GCF_000529525,0
JF719726,GCF_000430485,0
JF719727,CP003050,0
JF719728,CP000477,0
JF719732,GCF_000245115,0
JF719733,CP000742,0
JF719734,CP002425,0
JF734911,GCF_000245195,0
JF744988,GCF_000337155,0
JF767208,GCF_000961135,0
JF767209,AHJT01000001,0
JF767210,GCF_000745485,0
JF770475,GCF_000190055,0
JF773396,GCF_000245115,0
JF792674,GCF_000371805,0
JF832915,CP001365,0
JF900176,CP001014,0
JF912400,DP000238,0
JF917095,GCF_000819125,0
JF923796,CP001403,0
JF923797,GCF_000189795,0
JF939047,CP000660,0
JF946695,CP003050,0
JF966203,CP005962,0
JF974286,GCF_000336875,0
JF974287,CP000477,0
JF974288,CP002670,0
JF974289,CP003685,0
JF974292,CP000743,0
JF974293,CP003929,0
JF974294,GCF_000189955,0
JF974295,CP003321,0
JF974296,GCF_000337915,0
JF974307,GCF_000220175,0
JF974308,GCF_000336975,0
JF974312,GCF_000334895,0
JF974313,GCF_000621965,0
JF974314,CP003929,0
JF974315,GCF_000961135,0
JF974321,CP004145,0
JF974339,GCF_000415965,0
JN022534,GCF_000245115,0
JN035618,GCF_000189875,0
JN116822,GCF_000337035,0
JN116823,CP004145,0
JN116824,CP000102,0
JN116825,GCF_000245195,0
JN116826,GCF_000336675,0
JN116827,BA000048,0
JN116828,CP000742,0
JN126049,GCF_000824705,0
JN132397,GCF_000337755,0
JN153085,CP003050,0
JN153086,GCF_000337155,0
JN175269,CP000300,0
JN190960,BA000048,0
JN191664,GCF_000723845,0
JN192400,GCF_000824705,0
JN192401,CP010070,0
JN192463,CP002529,0
JN201525,GCF_000337035,0
JN202312,GCF_000336955,0
JN243855,GCF_000415965,0
JN243856,BA000002,0
JN243857,CP002737,0
JN254800,GCF_000245115,0
JN254801,GCF_000966265,0
JN255163,GCF_000189875,0
JN256079,GCF_000371805,0
JN377894,GCF_000337755,0
JN377895,CP001403,0
JN382248,GCF_000416025,0
JN391180,AGIY02000001,0
JN398368,GCF_000337515,0
JN398369,CP003378,0
JN408460,GCF_000336675,0
JN408461,CP004145,0
JN412588,CP003423,0
JN412589,GCF_000949015,0
JN412591,GCF_000949015,0
JN412592,AM114193,0
JN412593,GCF_000723845,0
JN542517,CP003423,0
JN561150,GCF_000961135,0
JN564907,GCF_000337155,0
JN572689,GCF_000387965,0
JN585957,GCF_000336915,0
JN593240,GCF_000189875,0
JN600960,CP000609,0
JN624850,CP011097,0
JN624851,GCF_000337555,0
JN627160,GCF_000189795,0
JN638751,GCF_000296615,0
JN643714,GCF_000245255,0
JN651747,GCF_000376965,0
JN654439,GCF_000245115,0
JN660814,GCF_000730175,0
JN662425,GCF_000371805,0
JN673056,CP001403,0
JN680858,CP001014,0
JN687951,GCF_000336675,0
JN698989,CP003685,0
JN698992,GCF_000245115,0
JN698993,AHJR01000001,0
JN698994,GCF_000513435,0
JN698995,GCF_000755225,0
JN698996,CP000780,0
JN698997,CP003377,0
JN698998,CP007174,0
JN698999,GCF_000730175,0
JN699000,GCF_000337515,0
JN699001,CP001731,0
JN699005,GCF_000784355,0
JN699006,GCF_000966265,0
JN699007,GCF_000190055,0
JN699008,GCF_000474235,0
JN699011,GCF_000474235,0
JN699012,AHJT01000001,0
JN699014,CP000742,0
JN699015,GCF_000337575,0
JN699016,CM002879,0
JN699626,GCF_000824705,0
JN699627,GCF_000189815,0
JN700519,CP011097,0
JN700520,CP002921,0
JN700521,GCF_000336655,0
JN712910,GCF_000529525,0
JN790865,GCF_000723845,0
JN797796,CP002425,0
JN797797,CP003423,0
JN797798,CP010070,0
JN800508,CP000477,0
JN848801,CP003168,0
JN849462,CP002670,0
JN871591,GCF_000529525,0
JN880423,GCF_000755225,0
JN882264,GCF_000385175,0
JN882265,GCF_000678915,0
JN882266,GCF_000261565,0
JN882267,GCF_000446965,0
JN882284,BA000048,0
JN882285,CP003412,0
JN882286,GCF_000710605,0
JN882287,GCF_000336875,0
JN882298,CM002879,0
JN939331,GCF_000245255,0
JN939332,GCF_000723845,0
JN968479,GCF_000538795,0
JN984867,GCF_000474235,0
JN986844,GCF_000513435,0
JN986845,GCF_000336955,0
JN986846,GCF_000337915,0
JN991020,GCF_000966265,0
JQ007353,GCF_000189955,0
JQ010983,GCF_000462245,0
JQ011317,CP002737,0
JQ011318,GCF_000337215,0
JQ015307,AM114193,0
JQ031132,BA000002,0
JQ062992,CP001690,0
JQ066768,GCF_000723845,0
JQ067083,CP002792,0
JQ067085,FN869859,0
JQ086369,GCF_000337675,0
JQ086370,GCF_000961135,0
JQ086371,CP000678,0
JQ086372,GCF_000245115,0
JQ086373,CP002529,0
JQ086374,GCF_000336655,0
JQ086375,GCF_000296615,0
JQ086376,CP002670,0
JQ086377,CP001014,0
JQ177061,GCF_000337915,0
JQ177062,GCF_000189875,0
JQ177063,CP002737,0
JQ177064,GCF_000430485,0
JQ177065,CM002879,0
JQ182726,GCF_000189875,0
JQ182727,CP002100,0
JQ182728,GCF_000220175,0
JQ182729,GCF_000337555,0
JQ182730,GCF_000328945,0
JQ182731,GCF_000337155,0
JQ182732,CP002372,0
JQ182733,CP002057,0
JQ182734,GCF_000190075,0
JQ182735,CP003377,0
JQ182736,BX950229,0
JQ245707,CP001731,0
JQ246028,GCF_000336955,0
JQ267364,CP000102,0
JQ287645,GCF_000749395,0
JQ288021,GCF_000337095,0
JQ307386,GCF_000190055,0
JQ307387,CP001731,0
JQ309827,GCF_000189875,0
JQ312117,GCF_000949015,0
JQ340389,CP001014,0
JQ340774,BA000011,0
JQ341413,CP001463,0
JQ408219,GCF_000189835,0
JQ446452,CP003423,0
JQ513383,CP002057,0
JQ617284,CP003423,0
JQ619704,CP003378,0
JQ659259,GCF_000220175,0
JQ660954,CP001463,0
JQ686190,BX950229,0
JQ691611,GCF_000336955,0
JQ691612,GCF_000190015,0
JQ729990,GCF_000245115,0
JQ729991,GCF_000337215,0
JQ729992,CP003929,0
JQ740790,GCF_000245195,0
JQ740791,GCF_000336975,0
JQ740792,GCF_000415965,0
JQ740793,CP000660,0
JQ740794,GCF_000337515,0
JQ740795,GCF_000513435,0
JQ740796,BX950229,0
JQ740797,CP003316,0
JQ740798,CP001731,0
JQ740799,CP002551,0
JQ740800,CP002551,0
JQ740801,GCF_000296615,0
JQ740802,GCF_000949015,0
JQ740803,CP001719,0
JQ740805,AM114193,0
JQ740806,GCF_000337515,0
JQ740807,GCF_000337035,0
JQ740808,CP002792,0
JQ740809,GCF_000824705,0
JQ740810,GCF_000416025,0
JQ740811,GCF_000949015,0
JQ740812,CP010070,0
JQ740814,CP002551,0
JQ762257,GCF_000416025,0
JQ768459,CP003685,0
JQ779023,AHJT01000001,0
JQ779024,GCF_000336955,0
JQ780163,CP007055,0
JQ780327,CP000742,0
JQ797329,CP002057,0
JQ801337,CP003168,0
JQ806763,GCF_000337555,0
JQ806764,CP000678,0
JQ809650,GCF_000755225,0
JQ809663,GCF_000336655,0
JQ809701,GCF_000336975,0
JQ809702,GCF_000337675,0
JQ809703,CP003685,0
JQ823122,AHJR01000001,0
JQ823123,CP000609,0
JQ867099,CP010778,0
JQ867100,CP002057,0
JQ957932,CP003362,0
JQ965645,GCF_000371805,0
JQ965700,CP003423,0
JQ965701,GCF_000189835,0
JQ965702,CP000300,0
JQ965703,BA000048,0
JQ966307,CP002792,0
JX000007,GCF_000245195,0
JX013863,CP000505,0
JX045649,CP000477,0
JX045650,CP011097,0
JX080300,GCF_000189875,0
JX080301,CP005962,0
JX080302,CM002879,0
JX080303,CP002670,0
JX080304,GCF_000744315,0
JX080305,CP002952,0
JX094431,AM114193,0
JX094500,GCF_000336875,0
JX094501,GCF_000474235,0
JX100809,GCF_000337675,0
JX100810,CP002069,0
JX100811,GCF_000337155,0
JX100812,GCF_000189875,0
JX100813,GCF_000961135,0
JX100814,GCF_000745485,0
JX104231,GCF_000784355,0
JX121091,CP001901,0
JX123262,CP002670,0
JX128257,CP007174,0
JX128258,CP009149,0
JX128259,GCF_000336655,0
JX131330,CP003929,0
JX145341,GCF_000730175,0
JX145342,GCF_000336655,0
JX163858,GCF_000190075,0
JX173487,GCF_000189875,0
JX182369,CP001719,0
JX182370,CP002952,0
JX182371,GCF_000309865,0
JX182372,CP003378,0
JX193904,BX950229,0
JX194239,CP000678,0
JX238501,CP003362,0
JX262215,GCF_000337515,0
JX262216,GCF_000376965,0
JX262217,GCF_000336875,0
JX262218,CP010778,0
JX262219,GCF_000337515,0
JX262220,CP003050,0
JX262221,CP002425,0
JX262222,CP003050,0
JX262223,CP000780,0
JX262224,CP003378,0
JX262225,GCF_000376445,0
JX262376,CP011097,0
JX296113,GCF_000337515,0
JX307703,GCF_000220175,0
JX316028,GCF_000189915,0
JX403940,CP000678,0
JX412914,CP000780,0
JX415535,GCF_000337915,0
JX415536,GCF_000961135,0
JX421753,GCF_000815385,0
JX442241,BX950229,0
JX486087,GCF_000337095,0
JX501340,GCF_000336915,0
JX536493,GCF_000190055,0
JX556417,CP006670,0
JX556418,CP003929,0
JX561091,GCF_000337575,0
JX567312,DP000238,0
JX569801,GCF_000245255,0
JX570702,BA000002,0
JX570703,CP000678,0
JX570704,CP002737,0
JX570705,CP002425,0
JX570706,BA000011,0
JX570707,GCF_000336675,0
JX570708,GCF_000730175,0
JX570709,GCF_000189915,0
JX570710,GCF_000730175,0
JX570711,CP009149,0
JX570712,CP000743,0
JX570713,GCF_000245115,0
JX570714,CP003423,0
JX625144,CP002069,0
JX658790,GCF_000189795,0
JX681814,GCF_000189835,0
JX846612,CM002879,0
JX846613,GCF_000336955,0
JX863101,AGIY02000001,0
JX865427,CP000609,0
JX866719,GCF_000336715,0
JX867715,GCF_000336655,0
JX872508,GCF_000189955,0
JX875065,CM002879,0
JX878496,GCF_000189835,0
JX878671,CP003412,0
JX879087,GCF_000371805,0
JX880034,GCF_000189815,0
JX880072,CP003050,0
JX887877,CP002372,0
JX899358,GCF_000387965,0
JX901189,CP004145,0
JX997978,GCF_000513435,0
KC012913,CP001690,0
KC013021,BX950229,0
KC013022,CP000780,0
KC013023,GCF_000337575,0
KC013024,GCF_000336875,0
KC013025,AHJR01000001,0
KC013026,GCF_000245115,0
KC013027,GCF_000745485,0
KC013028,CP010778,0
KC013029,GCF_000371805,0
KC107834,GCF_000815385,0
KC117376,GCF_000343615,0
KC117377,GCF_000731975,0
KC117378,GCF_000557625,0
KC131129,CP001014,0
KC139512,GCF_000730175,0
KC139514,GCF_000328925,0
KC139515,GCF_000710605,0
KC139517,FN869859,0
KC139518,CP002737,0
KC139519,GCF_000755225,0
KC139520,GCF_000296615,0
KC139521,CP003316,0
KC171646,GCF_000744315,0
KC171647,CP002551,0
KC172839,GCF_000190075,0
KC237729,GCF_000190015,0
KC252997,GCF_000675955,0
KC292020,GCF_000629145,0
KC292021,GCF_000216775,0
KC292022,GCF_000937255,0
KC292023,HG9417,0
KC292024,GCF_000282375,0
KC292025,GCF_000549725,0
KC292026,GCF_000305525,0
KC292027,GCF_000448405,0
KC292028,GCF_000765465,0
KC292029,AP008229,0
KC310802,GCF_000755225,0
KC310803,GCF_000337515,0
KC310804,GCF_000337755,0
KC310806,GCF_000723845,0
KC311669,CP005290,0
KC330679,CP003377,0
KC330680,CP000660,0
KC330681,GCF_000189795,0
KC330683,GCF_000336955,0
KC330684,BX950229,0
KC342645,GCF_000337915,0
KC357596,CP002921,0
KC438282,GCF_000190055,0
KC438283,GCF_000220175,0
KC462197,GCF_000474235,0
KC465898,GCF_000755225,0
KC465899,GCF_000245115,0
KC465900,CP001365,0
KC465901,GCF_000824705,0
KC481682,AGIY02000001,0
KC522412,CP002069,0
KC556893,GCF_000190015,0
KC556894,GCF_000334895,0
KC556895,GCF_000961135,0
KC556896,CP002952,0
KC556898,GCF_000529525,0
KC576783,CP002100,0
KC576784,CP003378,0
KC595278,CP000742,0
KC595279,CP000102,0
KC595518,GCF_000245115,0
KC661271,CP002792,0
KC661272,GCF_000337155,0
KC661273,GCF_000245115,0
KC661274,GCF_000337675,0
KC661275,CP002792,0
KC661276,GCF_000296615,0
KC661277,CP002551,0
KC661278,AGIY02000001,0
KC661279,CP003316,0
KC661280,GCF_000336715,0
KC661281,CP000780,0
KC677662,GCF_000371805,0
KC677663,FN869859,0
KC685370,CP005290,0
KC688701,GCF_000220175,0
KC690136,BA000048,0
KC691254,GCF_000336975,0
KC691255,GCF_000824705,0
KC691256,GCF_000337755,0
KC691257,CP007174,0
KC691258,AGIY02000001,0
KC700556,GCF_000415965,0
KC700557,CP003377,0
KC700558,GCF_000337915,0
KC701493,CP001690,0
KC710998,GCF_000337575,0
KC736071,CP000102,0
KC748968,GCF_000190075,0
KC748969,BX950229,0
KC748970,CP002551,0
KC748971,BA000011,0
KC751414,CP001403,0
KC787105,GCF_000328945,0
KC787106,GCF_000220175,0
KC787107,BA000002,0
KC787108,GCF_000710605,0
KC787110,GCF_000376445,0
KC801932,GCF_000336675,0
KC814930,GCF_000337675,0
KC821604,CP009149,0
KC821605,GCF_000336915,0
KC821606,DP000238,0
KC821607,CP000660,0
KC821608,GCF_000415965,0
KC821609,CP003423,0
KC821610,GCF_000755225,0
KC821611,CP001690,0
KC821612,GCF_000387965,0
KC821613,BA000002,0
KC821614,GCF_000415965,0
KC821615,GCF_000189815,0
KC821616,CP002425,0
KC821617,CP000505,0
KC821618,GCF_000961135,0
KC821619,CP001014,0
KC821620,CP003316,0
KC821621,CP002551,0
KC821622,CP003378,0
KC821623,GCF_000190075,0
KC821624,GCF_000961135,0
KC821625,CP002921,0
KC821626,CP002529,0
KC821627,GCF_000337575,0
KC821628,GCF_000328925,0
KC821629,GCF_000415965,0
KC821630,CP000780,0
KC821631,CP010778,0
KC821632,GCF_000337335,0
KC821633,BA000011,0
KC821634,CP000477,0
KC832325,CP000477,0
KC853746,GCF_000376445,0
KC862295,GCF_000328925,0
KC862296,CP003929,0
KC862297,GCF_000710605,0
KC862298,CP001463,0
KC862299,CP000477,0
KC862300,GCF_000336675,0
KC862301,CP004145,0
KC900379,CP005962,0
KC911856,GCF_000336955,0
KC911857,GCF_000337335,0
KC954774,GCF_000190055,0
KC959568,CP000780,0
KC960489,GCF_000784355,0
KF005317,GCF_000336955,0
KF005318,GCF_000336915,0
KF005319,AHJR01000001,0
KF005320,CP002551,0
KF006818,AGIY02000001,0
KF010834,CP000780,0
KF017001,CP003168,0
KF017002,GCF_000337555,0
KF017003,CP002529,0
KF017004,CP003929,0
KF017005,CP002529,0
KF024721,GCF_000513435,0
KF024723,CP000505,0
KF024724,CP000780,0
KF024725,CP001403,0
KF024726,GCF_000189915,0
KF024727,GCF_000189955,0
KF024728,CP003362,0
KF024729,GCF_000415965,0
KF024730,GCF_000337095,0
KF024731,GCF_000220175,0
KF024732,CP000743,0
KF024733,CP002425,0
KF044309,CP001719,0
KF044310,CP003050,0
KF056323,GCF_000443185,0
KF114874,CP002921,0
KF114875,CP005290,0
KF147891,GCF_000337555,0
KF148616,GCF_000513435,0
KF156338,GCF_000730175,0
KF156339,GCF_000220175,0
KF156340,GCF_000190075,0
KF183314,CP005962,0
KF183315,GCF_000966265,0
KF188410,GCF_000189955,0
KF188458,GCF_000189955,0
KF208639,CP009149,0
KF279411,GCF_000309865,0
KF279412,CP003929,0
KF279413,GCF_000755225,0
KF279414,AM114193,0
KF279415,CP007055,0
KF279416,GCF_000376445,0
KF279417,CP000477,0
KF296718,GCF_000328945,0
KF301602,CP000300,0
KF306380,AM114193,0
KF322026,GCF_000415965,0
KF322032,CP002737,0
KF356198,DP000238,0
KF361475,GCF_000336915,0
KF416340,DP000238,0
KF416341,GCF_000415965,0
KF416342,CP004145,0
KF416343,AGIY02000001,0
KF416344,GCF_000337915,0
KF475786,GCF_000336915,0
KF493879,CP002670,0
KF493880,CP000609,0
KF493881,GCF_000189875,0
KF493882,GCF_000337515,0
KF493883,CP003378,0
KF534715,CP002529,0
KF550303,GCF_000334895,0
KF554508,GCF_000376445,0
KF560330,CP002425,0
KF560331,GCF_000824705,0
KF560332,CP003423,0
KF560333,GCF_000961135,0
KF560334,GCF_000190015,0
KF562099,GCF_000529525,0
KF562100,CP003378,0
KF562101,GCF_000328925,0
KF562102,CP005962,0
KF562340,CP000743,0
KF562341,GCF_000309865,0
KF562864,GCF_000337575,0
KF562865,CP009149,0
KF582788,CP001463,0
KF589919,GCF_000824705,0
KF598856,CP002057,0
KF598865,GCF_000337215,0
KF614509,CP002425,0
KF620435,GCF_000755225,0
KF623293,CP000743,0
KF623294,CP000678,0
KF626666,GCF_000337575,0
KF626667,GCF_000730175,0
KF669647,GCF_000337215,0
KF669648,GCF_000328945,0
KF669649,GCF_000189915,0
KF669650,CP002425,0
KF669651,CP001901,0
KF669652,CP003168,0
KF669653,CP002921,0
KF669654,GCF_000296615,0
KF669655,GCF_000245195,0
KF669656,CP002670,0
KF669657,GCF_000723845,0
KF669658,GCF_000190075,0
KF669659,CP002425,0
KF669660,CP001014,0
KF669661,CP002057,0
KF669662,GCF_000387965,0
KF669663,GCF_000815385,0
KF676640,GCF_000337675,0
KF692088,GCF_000336675,0
KF700371,GCF_000415965,0
KF713485,GCF_000621965,0
KF713486,GCF_000337555,0
KF728385,CP010070,0
KF733017,GCF_000245195,0
KF766114,GCF_000309865,0
KF771236,CP000505,0
KF771237,CP001719,0
KF771238,CP000743,0
KF771239,BA000048,0
KF771641,CP003872,0
KF772233,AGIY02000001,0
KF772234,CP005290,0
KF787094,GCF_000220175,0
KF787095,CP002921,0
KF806588,GCF_000328925,0
KF806589,CP001014,0
KF811200,CP000660,0
KF831354,GCF_000309865,0
KF841475,CP000780,0
KF841476,GCF_000336715,0
KF841477,GCF_000336675,0
KF856712,AHJR01000001,0
KF861510,GCF_000529525,0
KF926093,CP005962,0
KF929199,CP004145,0
KF954506,GCF_000334895,0
KF959563,GCF_000745485,0
KF971864,GCF_000189915,0
KF977490,CP001719,0
KF981601,GCF_000336675,0
KF981730,GCF_000336715,0
KF981875,GCF_000328945,0
KF981876,GCF_000336715,0
KF986246,BX950229,0
KF986247,GCF_000376965,0
KJ000058,GCF_000966265,0
KJ002054,CP000102,0
KJ010489,CP000300,0
KJ025956,GCF_000336955,0
KJ025957,CP000505,0
KJ094020,CP001690,0
KJ094021,GCF_000309865,0
KJ094022,GCF_000336875,0
KJ094023,GCF_000190015,0
KJ094029,GCF_000723845,0
KJ094030,CP003929,0
KJ094031,CP003929,0
KJ094032,GCF_000337095,0
KJ094033,GCF_000245255,0
KJ101592,GCF_000336955,0
KJ127303,GCF_000190015,0
KJ135004,CP002792,0
KJ140076,CP010778,0
KJ156985,GCF_000189915,0
KJ159566,GCF_000949015,0
KJ173786,GCF_000189795,0
KJ174156,CP002529,0
KJ174157,CP002670,0
KJ190157,CP003378,0
KJ190158,CP002117,0
KJ192399,CP001901,0
KJ194581,CP003423,0
KJ194582,CP000743,0
KJ194584,CP002372,0
KJ194585,CP003168,0
KJ210330,CP003378,0
KJ395778,GCF_000966265,0
KJ409696,CP000505,0
KJ409772,GCF_000337095,0
KJ410132,GCF_000513435,0
KJ410133,GCF_000296615,0
KJ410134,CP003423,0
KJ419279,GCF_000336715,0
KJ451625,GCF_000336955,0
KJ473422,GCF_000966265,0
KJ473423,AGIY02000001,0
KJ477077,CP003316,0
KJ489010,CP003377,0
KJ489011,CP000678,0
KJ489012,CP002551,0
KJ489013,CP002425,0
KJ489397,CP000742,0
KJ507099,GCF_000337035,0
KJ507100,CP003929,0
KJ510412,CP000505,0
KJ510413,GCF_000220175,0
KJ510414,CP003316,0
KJ510415,CP000300,0
KJ528544,AHJR01000001,0
KJ534580,CP003412,0
KJ535721,GCF_000336655,0
KJ535722,GCF_000710605,0
KJ538721,GCF_000824705,0
KJ538722,GCF_000337555,0
KJ564036,CP003316,0
KJ564037,CP002372,0
KJ564038,GCF_000710605,0
KJ567041,AHJR01000001,0
KJ567042,GCF_000416025,0
KJ567043,CP002529,0
KJ567046,GCF_000296615,0
KJ572844,GCF_000337555,0
KJ572845,GCF_000336875,0
KJ586794,CP010070,0
KJ586795,CP000678,0
KJ591604,GCF_000621965,0
KJ591605,GCF_000337575,0
KJ595576,GCF_000336715,0
KJ596420,BA000048,0
KJ603229,GCF_000824705,0
KJ608188,GCF_000189835,0
KJ619459,CP000505,0
KJ621082,CP000609,0
KJ668714,FN869859,0
KJ690250,GCF_000245115,0
KJ716335,DP000238,0
KJ725374,CP003378,0
KJ746502,CP000660,0
KJ748011,CP003316,0
KJ802832,GCF_000723845,0
KJ817802,CP002551,0
KJ847052,GCF_000815385,0
KJ858521,GCF_000336875,0
KJ888149,GCF_000430485,0
KJ920400,CP002921,0
KJ997912,CP003929,0
KM051843,CP001690,0
KM066034,CP009149,0
KM083128,CP010070,0
KM091442,GCF_000416025,0
KM091443,GCF_000220175,0
KM091444,GCF_000328945,0
KM101120,CP003362,0
KM101122,CP009149,0
KM101123,GCF_000415965,0
KM101124,CP000780,0
KM190144,GCF_000815385,0
KM199770,GCF_000190055,0
KM199771,GCF_000337575,0
KM215148,GCF_000430485,0
KM216423,CP000678,0
KM224878,CP001403,0
KM224879,GCF_000337095,0
KM226324,CP001690,0
KM233151,CP001690,0
KM247287,DP000238,0
KM253764,GCF_000337035,0
KM272358,GCF_000336915,0
KM279937,GCF_000474235,0
KM347889,CP002372,0
KM360178,GCF_000815385,0
KM370384,FN869859,0
KM373208,GCF_000190015,0
KM378617,FN869859,0
KM407600,GCF_000474235,0
KM458633,FN869859,0
KM501444,CP001731,0
KM507819,CP004145,0
KM514685,CP000780,0
KM581061,GCF_000529525,0
KM606994,CP005962,0
KM606995,CP002529,0
KM606996,GCF_000966265,0
KM606997,CP000300,0
KM606998,GCF_000336975,0
KM606999,CP001731,0
KM607000,BA000002,0
KM607001,CP010070,0
KM607002,CP004145,0
KM607003,GCF_000824705,0
KM879463,CP002372,0
KP027199,GCF_000336655,0
KP027200,GCF_000328925,0
KP027201,GCF_000337575,0
KP027205,GCF_000376445,0
KP027206,CP002551,0
KP063541,GCF_000189875,0
KP085586,GCF_000416025,0
KP162168,CP002069,0
L13696,CP010778,0
L33769,CP001690,0
LK392619,CP000780,0
LN610572,GCF_000784355,0
LN610573,CP007055,0
LN610574,GCF_000309865,0
LN610575,CP002529,0
LN610576,GCF_000755225,0
LN610577,GCF_000416025,0
LN610578,GCF_000730175,0
LN610579,GCF_000189915,0
LN610580,GCF_000190075,0
LN610581,BX950229,0
LN610582,GCF_000190015,0
LN610583,CP000300,0
LN610585,CP001014,0
LN610586,CP003378,0
LN610587,GCF_000190055,0
LN610588,BA000002,0
LN610589,CP002551,0
LN610590,CP003362,0
M11813,CP002529,0
M11912,CP002117,0
M19377,GCF_000744315,0
U28974,GCF_000961135,0
U38906,AM114193,0
X96987,CP001014,0
X98106,CP005962,0
X99260,GCF_000337675,0
Y13918,BA000048,0
